ITEM_CODE,BRAND_NAME,BRAND_TYPE,GENERIC_SALT_COMPOSITION,STRENGTH,DOSAGE_FORM,CATEGORY,PACK_CONFIGURATION,PACK_UNITS,MANUFACTURER_COMPANY,MRP_INR,PTR_INR_COST,HSN_CODE,GST_RATE_PERCENT,SCHEDULE_DRUG_TYPE,EAN_BARCODE,JAN_AUSHADHI_EQUIVALENT_TITLE,JAN_AUSHADHI_MRP_INR,JAN_AUSHADHI_SAVINGS_PERCENT
"MED-DOLO-650","Dolo 650","ETHICAL","Paracetamol 650mg","650 mg","TABLET","ANALGESIC","Strip of 15 Tablets",15,"Micro Labs Ltd",34.34,22.22,"30049060",12,"OTC","8900000001001","Paracetamol Tablets IP 650mg (PMBJP)",14.00,"59%"
"MED-CALPOL-650","Calpol 650","ETHICAL","Paracetamol 650mg","650 mg","TABLET","ANALGESIC","Strip of 15 Tablets",15,"GlaxoSmithKline Pharmaceuticals Ltd",33.66,21.78,"30049060",12,"OTC","8900000001002","Paracetamol Tablets IP 650mg (PMBJP)",14.00,"58%"
"MED-CROCIN-650","Crocin 650 Advance","ETHICAL","Paracetamol 650mg","650 mg","TABLET","ANALGESIC","Strip of 15 Tablets",15,"GlaxoSmithKline Consumer Healthcare",35.02,22.66,"30049060",12,"OTC","8900000001003","Paracetamol Tablets IP 650mg (PMBJP)",14.00,"60%"
"MED-PACIMOL-650","Pacimol 650","ETHICAL","Paracetamol 650mg","650 mg","TABLET","ANALGESIC","Strip of 15 Tablets",15,"Ipca Laboratories Ltd",32.30,20.90,"30049060",12,"OTC","8900000001004","Paracetamol Tablets IP 650mg (PMBJP)",14.00,"57%"
"MED-P650","P-650","ETHICAL","Paracetamol 650mg","650 mg","TABLET","ANALGESIC","Strip of 15 Tablets",15,"Apex Laboratories Pvt Ltd",31.28,20.24,"30049060",12,"OTC","8900000001005","Paracetamol Tablets IP 650mg (PMBJP)",14.00,"55%"
"MED-SUMO-L-650","Sumo L 650","ETHICAL","Paracetamol 650mg","650 mg","TABLET","ANALGESIC","Strip of 15 Tablets",15,"Alkem Laboratories Ltd",31.96,20.68,"30049060",12,"OTC","8900000001006","Paracetamol Tablets IP 650mg (PMBJP)",14.00,"56%"
"MED-FEBRINIL-650","Febrinil 650","ETHICAL","Paracetamol 650mg","650 mg","TABLET","ANALGESIC","Strip of 15 Tablets",15,"Mankind Pharma Ltd",30.60,19.80,"30049060",12,"OTC","8900000001007","Paracetamol Tablets IP 650mg (PMBJP)",14.00,"54%"
"MED-PYRIGESIC-650","Pyrigesic 650","ETHICAL","Paracetamol 650mg","650 mg","TABLET","ANALGESIC","Strip of 15 Tablets",15,"East India Pharmaceutical Works",30.94,20.02,"30049060",12,"OTC","8900000001008","Paracetamol Tablets IP 650mg (PMBJP)",14.00,"55%"
"MED-T98-650","T-98 650","ETHICAL","Paracetamol 650mg","650 mg","TABLET","ANALGESIC","Strip of 15 Tablets",15,"Mankind Pharma Ltd",29.92,19.36,"30049060",12,"OTC","8900000001009","Paracetamol Tablets IP 650mg (PMBJP)",14.00,"53%"
"MED-PARACIP-650","Paracip 650","ETHICAL","Paracetamol 650mg","650 mg","TABLET","ANALGESIC","Strip of 15 Tablets",15,"Cipla Ltd",32.64,21.12,"30049060",12,"OTC","8900000001010","Paracetamol Tablets IP 650mg (PMBJP)",14.00,"57%"
"GEN-PMBJP-PCM-650","Paracetamol IP 650mg (PMBJP)","GENERIC","Paracetamol 650mg","650 mg","TABLET","ANALGESIC","Strip of 15 Tablets",15,"PMBJP Jan Aushadhi",14.00,9.00,"30049060",12,"OTC","8900000001011","Paracetamol IP 650mg (PMBJP)",14.00,"59%"
"GEN-GA-PCM-650","Paracetamol 650 (Generic Aadhaar)","GENERIC","Paracetamol 650mg","650 mg","TABLET","ANALGESIC","Strip of 15 Tablets",15,"Generic Aadhaar",15.00,9.50,"30049060",12,"OTC","8900000001012","Paracetamol 650 (Generic Aadhaar)",15.00,"56%"
"GEN-ZEE-PCM-650","Paracetamol 650 (Zeelab)","GENERIC","Paracetamol 650mg","650 mg","TABLET","ANALGESIC","Strip of 15 Tablets",15,"Zeelab Pharmacy Pvt Ltd",16.00,10.00,"30049060",12,"OTC","8900000001013","Paracetamol 650 (Zeelab)",16.00,"53%"
"GEN-DAVA-PCM-650","Paracetamol 650 (Davaindia)","GENERIC","Paracetamol 650mg","650 mg","TABLET","ANALGESIC","Strip of 15 Tablets",15,"Davaindia Generic Pharmacy (Zota)",15.50,9.80,"30049060",12,"OTC","8900000001014","Paracetamol 650 (Davaindia)",15.50,"54%"
"GEN-STAY-PCM-650","Paracetamol 650 (StayHappi)","GENERIC","Paracetamol 650mg","650 mg","TABLET","ANALGESIC","Strip of 15 Tablets",15,"StayHappi Generic Pharmacy",16.50,10.20,"30049060",12,"OTC","8900000001015","Paracetamol 650 (StayHappi)",16.50,"51%"
"GEN-LEE-PCM-650","Paracetamol 650 (Leeford)","GENERIC","Paracetamol 650mg","650 mg","TABLET","ANALGESIC","Strip of 15 Tablets",15,"Leeford Healthcare Ltd",18.00,11.00,"30049060",12,"OTC","8900000001016","Paracetamol 650 (Leeford)",18.00,"47%"
"MED-ZERODOL-SP","Zerodol-SP","ETHICAL","Aceclofenac 100mg + Paracetamol 325mg + Serratiopeptidase 15mg","100mg + 325mg + 15mg","TABLET","ANALGESIC","Strip of 10 Tablets",10,"Ipca Laboratories Ltd",125.00,85.00,"30049060",12,"SCHEDULE_H","8900000001017","Aceclofenac + Paracetamol + Serratiopeptidase (PMBJP)",32.00,"74%"
"MED-HIFENAC-SP","Hifenac-SP","ETHICAL","Aceclofenac 100mg + Paracetamol 325mg + Serratiopeptidase 15mg","100mg + 325mg + 15mg","TABLET","ANALGESIC","Strip of 10 Tablets",10,"Intas Pharmaceuticals Ltd",127.50,86.70,"30049060",12,"SCHEDULE_H","8900000001018","Aceclofenac + Paracetamol + Serratiopeptidase (PMBJP)",32.00,"75%"
"MED-ACECLO-SP","Aceclo-SP","ETHICAL","Aceclofenac 100mg + Paracetamol 325mg + Serratiopeptidase 15mg","100mg + 325mg + 15mg","TABLET","ANALGESIC","Strip of 10 Tablets",10,"Aristo Pharmaceuticals Pvt Ltd",120.00,81.60,"30049060",12,"SCHEDULE_H","8900000001019","Aceclofenac + Paracetamol + Serratiopeptidase (PMBJP)",32.00,"73%"
"MED-DOLOKIND-AA","Dolokind-AA","ETHICAL","Aceclofenac 100mg + Paracetamol 325mg + Serratiopeptidase 15mg","100mg + 325mg + 15mg","TABLET","ANALGESIC","Strip of 10 Tablets",10,"Mankind Pharma Ltd",115.00,78.20,"30049060",12,"SCHEDULE_H","8900000001020","Aceclofenac + Paracetamol + Serratiopeptidase (PMBJP)",32.00,"72%"
"MED-MOVACE-SP","Movace-SP","ETHICAL","Aceclofenac 100mg + Paracetamol 325mg + Serratiopeptidase 15mg","100mg + 325mg + 15mg","TABLET","ANALGESIC","Strip of 10 Tablets",10,"Alkem Laboratories Ltd",122.50,83.30,"30049060",12,"SCHEDULE_H","8900000001021","Aceclofenac + Paracetamol + Serratiopeptidase (PMBJP)",32.00,"74%"
"MED-SIGNOFLAM","Signoflam","ETHICAL","Aceclofenac 100mg + Paracetamol 325mg + Serratiopeptidase 15mg","100mg + 325mg + 15mg","TABLET","ANALGESIC","Strip of 10 Tablets",10,"Lupin Ltd",131.25,89.25,"30049060",12,"SCHEDULE_H","8900000001022","Aceclofenac + Paracetamol + Serratiopeptidase (PMBJP)",32.00,"76%"
"MED-VIVOGESIC-SP","Vivogesic-SP","ETHICAL","Aceclofenac 100mg + Paracetamol 325mg + Serratiopeptidase 15mg","100mg + 325mg + 15mg","TABLET","ANALGESIC","Strip of 10 Tablets",10,"Cipla Ltd",118.75,80.75,"30049060",12,"SCHEDULE_H","8900000001023","Aceclofenac + Paracetamol + Serratiopeptidase (PMBJP)",32.00,"73%"
"MED-VOLTANEC-SP","Voltanec-SP","ETHICAL","Aceclofenac 100mg + Paracetamol 325mg + Serratiopeptidase 15mg","100mg + 325mg + 15mg","TABLET","ANALGESIC","Strip of 10 Tablets",10,"Sun Pharmaceutical Industries Ltd",130.00,88.40,"30049060",12,"SCHEDULE_H","8900000001024","Aceclofenac + Paracetamol + Serratiopeptidase (PMBJP)",32.00,"75%"
"MED-BIG-SP","Big-SP","ETHICAL","Aceclofenac 100mg + Paracetamol 325mg + Serratiopeptidase 15mg","100mg + 325mg + 15mg","TABLET","ANALGESIC","Strip of 10 Tablets",10,"Torrent Pharmaceuticals Ltd",121.25,82.45,"30049060",12,"SCHEDULE_H","8900000001025","Aceclofenac + Paracetamol + Serratiopeptidase (PMBJP)",32.00,"74%"
"MED-ALCECLO-SP","Alceclo-SP","ETHICAL","Aceclofenac 100mg + Paracetamol 325mg + Serratiopeptidase 15mg","100mg + 325mg + 15mg","TABLET","ANALGESIC","Strip of 10 Tablets",10,"Alembic Pharmaceuticals Ltd",116.25,79.05,"30049060",12,"SCHEDULE_H","8900000001026","Aceclofenac + Paracetamol + Serratiopeptidase (PMBJP)",32.00,"72%"
"GEN-PMBJP-ACE-SER","Aceclofenac + PCM + Serratiopeptidase (PMBJP)","GENERIC","Aceclofenac 100mg + Paracetamol 325mg + Serratiopeptidase 15mg","100mg + 325mg + 15mg","TABLET","ANALGESIC","Strip of 10 Tablets",10,"PMBJP Jan Aushadhi",32.00,20.00,"30049060",12,"SCHEDULE_H","8900000001027","Aceclofenac + PCM + Serratiopeptidase (PMBJP)",32.00,"74%"
"GEN-GA-ACE-SER","Aceclo-PCM-Serra (Generic Aadhaar)","GENERIC","Aceclofenac 100mg + Paracetamol 325mg + Serratiopeptidase 15mg","100mg + 325mg + 15mg","TABLET","ANALGESIC","Strip of 10 Tablets",10,"Generic Aadhaar",38.00,24.00,"30049060",12,"SCHEDULE_H","8900000001028","Aceclo-PCM-Serra (Generic Aadhaar)",38.00,"70%"
"GEN-ZEE-ACE-SER","Aceclofenac SP (Zeelab)","GENERIC","Aceclofenac 100mg + Paracetamol 325mg + Serratiopeptidase 15mg","100mg + 325mg + 15mg","TABLET","ANALGESIC","Strip of 10 Tablets",10,"Zeelab Pharmacy Pvt Ltd",39.00,25.00,"30049060",12,"SCHEDULE_H","8900000001029","Aceclofenac SP (Zeelab)",39.00,"69%"
"GEN-DAVA-ACE-SER","Aceclofenac + PCM + Serra (Davaindia)","GENERIC","Aceclofenac 100mg + Paracetamol 325mg + Serratiopeptidase 15mg","100mg + 325mg + 15mg","TABLET","ANALGESIC","Strip of 10 Tablets",10,"Davaindia Generic Pharmacy",36.00,22.00,"30049060",12,"SCHEDULE_H","8900000001030","Aceclofenac + PCM + Serra (Davaindia)",36.00,"71%"
"GEN-LEE-ACE-SER","Aceclofenac SP (Leeford)","GENERIC","Aceclofenac 100mg + Paracetamol 325mg + Serratiopeptidase 15mg","100mg + 325mg + 15mg","TABLET","ANALGESIC","Strip of 10 Tablets",10,"Leeford Healthcare Ltd",45.00,28.00,"30049060",12,"SCHEDULE_H","8900000001031","Aceclofenac SP (Leeford)",45.00,"64%"
"MED-ZERODOL-P","Zerodol-P","ETHICAL","Aceclofenac 100mg + Paracetamol 325mg","100mg + 325mg","TABLET","ANALGESIC","Strip of 10 Tablets",10,"Ipca Laboratories Ltd",68.00,46.00,"30049060",12,"SCHEDULE_H","8900000001032","Aceclofenac 100mg + Paracetamol 325mg (PMBJP)",18.00,"74%"
"MED-HIFENAC-P","Hifenac-P","ETHICAL","Aceclofenac 100mg + Paracetamol 325mg","100mg + 325mg","TABLET","ANALGESIC","Strip of 10 Tablets",10,"Intas Pharmaceuticals Ltd",69.36,46.92,"30049060",12,"SCHEDULE_H","8900000001033","Aceclofenac 100mg + Paracetamol 325mg (PMBJP)",18.00,"74%"
"MED-ACECLO-PLUS","Aceclo-Plus","ETHICAL","Aceclofenac 100mg + Paracetamol 325mg","100mg + 325mg","TABLET","ANALGESIC","Strip of 10 Tablets",10,"Aristo Pharmaceuticals Pvt Ltd",64.60,43.70,"30049060",12,"SCHEDULE_H","8900000001034","Aceclofenac 100mg + Paracetamol 325mg (PMBJP)",18.00,"72%"
"MED-DOLOKIND-P","Dolokind-Plus","ETHICAL","Aceclofenac 100mg + Paracetamol 325mg","100mg + 325mg","TABLET","ANALGESIC","Strip of 10 Tablets",10,"Mankind Pharma Ltd",61.20,41.40,"30049060",12,"SCHEDULE_H","8900000001035","Aceclofenac 100mg + Paracetamol 325mg (PMBJP)",18.00,"71%"
"MED-ALDIGESIC-P","Aldigesic-P","ETHICAL","Aceclofenac 100mg + Paracetamol 325mg","100mg + 325mg","TABLET","ANALGESIC","Strip of 10 Tablets",10,"Alkem Laboratories Ltd",65.96,44.62,"30049060",12,"SCHEDULE_H","8900000001036","Aceclofenac 100mg + Paracetamol 325mg (PMBJP)",18.00,"73%"
"MED-ARFLUR-P","Arflur-P","ETHICAL","Aceclofenac 100mg + Paracetamol 325mg","100mg + 325mg","TABLET","ANALGESIC","Strip of 10 Tablets",10,"FDC Ltd",63.24,42.78,"30049060",12,"SCHEDULE_H","8900000001037","Aceclofenac 100mg + Paracetamol 325mg (PMBJP)",18.00,"72%"
"MED-ZEPARA","Zepara","ETHICAL","Aceclofenac 100mg + Paracetamol 325mg","100mg + 325mg","TABLET","ANALGESIC","Strip of 10 Tablets",10,"Sun Pharmaceutical Industries Ltd",70.72,47.84,"30049060",12,"SCHEDULE_H","8900000001038","Aceclofenac 100mg + Paracetamol 325mg (PMBJP)",18.00,"75%"
"MED-MEGADOL","Megadol","ETHICAL","Aceclofenac 100mg + Paracetamol 325mg","100mg + 325mg","TABLET","ANALGESIC","Strip of 10 Tablets",10,"Alembic Pharmaceuticals Ltd",61.88,41.86,"30049060",12,"SCHEDULE_H","8900000001039","Aceclofenac 100mg + Paracetamol 325mg (PMBJP)",18.00,"71%"
"GEN-PMBJP-ACE-PCM","Aceclofenac + Paracetamol (PMBJP)","GENERIC","Aceclofenac 100mg + Paracetamol 325mg","100mg + 325mg","TABLET","ANALGESIC","Strip of 10 Tablets",10,"PMBJP Jan Aushadhi",18.00,11.00,"30049060",12,"SCHEDULE_H","8900000001040","Aceclofenac + Paracetamol (PMBJP)",18.00,"74%"
"GEN-GA-ACE-PCM","Aceclofenac + PCM (Generic Aadhaar)","GENERIC","Aceclofenac 100mg + Paracetamol 325mg","100mg + 325mg","TABLET","ANALGESIC","Strip of 10 Tablets",10,"Generic Aadhaar",21.00,13.00,"30049060",12,"SCHEDULE_H","8900000001041","Aceclofenac + PCM (Generic Aadhaar)",21.00,"69%"
"GEN-ZEE-ACE-PCM","Aceclo-P (Zeelab)","GENERIC","Aceclofenac 100mg + Paracetamol 325mg","100mg + 325mg","TABLET","ANALGESIC","Strip of 10 Tablets",10,"Zeelab Pharmacy Pvt Ltd",22.00,14.00,"30049060",12,"SCHEDULE_H","8900000001042","Aceclo-P (Zeelab)",22.00,"68%"
"GEN-DAVA-ACE-PCM","Aceclofenac + PCM (Davaindia)","GENERIC","Aceclofenac 100mg + Paracetamol 325mg","100mg + 325mg","TABLET","ANALGESIC","Strip of 10 Tablets",10,"Davaindia Generic Pharmacy",20.00,12.50,"30049060",12,"SCHEDULE_H","8900000001043","Aceclofenac + PCM (Davaindia)",20.00,"71%"
"MED-ZERODOL-TH4","Zerodol-TH 4","ETHICAL","Aceclofenac 100mg + Thiocolchicoside 4mg","100mg + 4mg","TABLET","ANALGESIC","Strip of 10 Tablets",10,"Ipca Laboratories Ltd",215.00,152.00,"30049060",12,"SCHEDULE_H","8900000001044","Aceclofenac + Thiocolchicoside 4mg (PMBJP)",65.00,"70%"
"MED-HIFENAC-TH4","Hifenac-TH 4","ETHICAL","Aceclofenac 100mg + Thiocolchicoside 4mg","100mg + 4mg","TABLET","ANALGESIC","Strip of 10 Tablets",10,"Intas Pharmaceuticals Ltd",221.45,156.56,"30049060",12,"SCHEDULE_H","8900000001045","Aceclofenac + Thiocolchicoside 4mg (PMBJP)",65.00,"71%"
"MED-THIOQUEST-A4","Thioquest-A 4","ETHICAL","Aceclofenac 100mg + Thiocolchicoside 4mg","100mg + 4mg","TABLET","ANALGESIC","Strip of 10 Tablets",10,"Alkem Laboratories Ltd",210.70,148.96,"30049060",12,"SCHEDULE_H","8900000001046","Aceclofenac + Thiocolchicoside 4mg (PMBJP)",65.00,"69%"
"MED-MYORIL-A4","Myoril-A 4","ETHICAL","Aceclofenac 100mg + Thiocolchicoside 4mg","100mg + 4mg","TABLET","ANALGESIC","Strip of 10 Tablets",10,"Sanofi India Ltd",227.90,161.12,"30049060",12,"SCHEDULE_H","8900000001047","Aceclofenac + Thiocolchicoside 4mg (PMBJP)",65.00,"71%"
"MED-BAKFLEX-A4","Bakflex-A 4","ETHICAL","Aceclofenac 100mg + Thiocolchicoside 4mg","100mg + 4mg","TABLET","ANALGESIC","Strip of 10 Tablets",10,"Sun Pharmaceutical Industries Ltd",219.30,155.04,"30049060",12,"SCHEDULE_H","8900000001048","Aceclofenac + Thiocolchicoside 4mg (PMBJP)",65.00,"70%"
"MED-DOLOKIND-MR","Dolokind-MR","ETHICAL","Aceclofenac 100mg + Thiocolchicoside 4mg","100mg + 4mg","TABLET","ANALGESIC","Strip of 10 Tablets",10,"Mankind Pharma Ltd",195.65,138.32,"30049060",12,"SCHEDULE_H","8900000001049","Aceclofenac + Thiocolchicoside 4mg (PMBJP)",65.00,"67%"
"GEN-PMBJP-ACE-THIO","Aceclofenac + Thiocolchicoside 4mg (PMBJP)","GENERIC","Aceclofenac 100mg + Thiocolchicoside 4mg","100mg + 4mg","TABLET","ANALGESIC","Strip of 10 Tablets",10,"PMBJP Jan Aushadhi",65.00,42.00,"30049060",12,"SCHEDULE_H","8900000001050","Aceclofenac + Thiocolchicoside 4mg (PMBJP)",65.00,"70%"
"GEN-GA-ACE-THIO","Aceclo-Thio 4 (Generic Aadhaar)","GENERIC","Aceclofenac 100mg + Thiocolchicoside 4mg","100mg + 4mg","TABLET","ANALGESIC","Strip of 10 Tablets",10,"Generic Aadhaar",72.00,48.00,"30049060",12,"SCHEDULE_H","8900000001051","Aceclo-Thio 4 (Generic Aadhaar)",72.00,"67%"
"GEN-ZEE-ACE-THIO","Aceclofenac-Thio 4 (Zeelab)","GENERIC","Aceclofenac 100mg + Thiocolchicoside 4mg","100mg + 4mg","TABLET","ANALGESIC","Strip of 10 Tablets",10,"Zeelab Pharmacy Pvt Ltd",75.00,50.00,"30049060",12,"SCHEDULE_H","8900000001052","Aceclofenac-Thio 4 (Zeelab)",75.00,"65%"
"GEN-DAVA-ACE-THIO","Aceclofenac + Thio 4 (Davaindia)","GENERIC","Aceclofenac 100mg + Thiocolchicoside 4mg","100mg + 4mg","TABLET","ANALGESIC","Strip of 10 Tablets",10,"Davaindia Generic Pharmacy",69.00,45.00,"30049060",12,"SCHEDULE_H","8900000001053","Aceclofenac + Thio 4 (Davaindia)",69.00,"68%"
"MED-COMBIFLAM","Combiflam","ETHICAL","Ibuprofen 400mg + Paracetamol 325mg","400mg + 325mg","TABLET","ANALGESIC","Strip of 20 Tablets",20,"Sanofi India Ltd",48.00,32.00,"30049060",12,"SCHEDULE_H","8900000001054","Ibuprofen 400mg + Paracetamol 325mg (PMBJP)",16.00,"67%"
"MED-FLEXON","Flexon","ETHICAL","Ibuprofen 400mg + Paracetamol 325mg","400mg + 325mg","TABLET","ANALGESIC","Strip of 20 Tablets",20,"Aristo Pharmaceuticals Pvt Ltd",45.60,30.40,"30049060",12,"SCHEDULE_H","8900000001055","Ibuprofen 400mg + Paracetamol 325mg (PMBJP)",16.00,"65%"
"MED-IBUGESIC-PLUS","Ibugesic-Plus","ETHICAL","Ibuprofen 400mg + Paracetamol 325mg","400mg + 325mg","TABLET","ANALGESIC","Strip of 20 Tablets",20,"Cipla Ltd",47.04,31.36,"30049060",12,"SCHEDULE_H","8900000001056","Ibuprofen 400mg + Paracetamol 325mg (PMBJP)",16.00,"66%"
"MED-BRUFEN-PLUS","Brufen Plus","ETHICAL","Ibuprofen 400mg + Paracetamol 325mg","400mg + 325mg","TABLET","ANALGESIC","Strip of 20 Tablets",20,"Abbott Healthcare Pvt Ltd",49.92,33.28,"30049060",12,"SCHEDULE_H","8900000001057","Ibuprofen 400mg + Paracetamol 325mg (PMBJP)",16.00,"68%"
"MED-PROFEN-P","Profen-P","ETHICAL","Ibuprofen 400mg + Paracetamol 325mg","400mg + 325mg","TABLET","ANALGESIC","Strip of 20 Tablets",20,"Alkem Laboratories Ltd",44.16,29.44,"30049060",12,"SCHEDULE_H","8900000001058","Ibuprofen 400mg + Paracetamol 325mg (PMBJP)",16.00,"64%"
"GEN-PMBJP-IBU-PCM","Ibuprofen + Paracetamol (PMBJP)","GENERIC","Ibuprofen 400mg + Paracetamol 325mg","400mg + 325mg","TABLET","ANALGESIC","Strip of 20 Tablets",20,"PMBJP Jan Aushadhi",16.00,10.00,"30049060",12,"SCHEDULE_H","8900000001059","Ibuprofen + Paracetamol (PMBJP)",16.00,"67%"
"GEN-GA-IBU-PCM","Ibuprofen + PCM (Generic Aadhaar)","GENERIC","Ibuprofen 400mg + Paracetamol 325mg","400mg + 325mg","TABLET","ANALGESIC","Strip of 20 Tablets",20,"Generic Aadhaar",19.00,12.00,"30049060",12,"SCHEDULE_H","8900000001060","Ibuprofen + PCM (Generic Aadhaar)",19.00,"60%"
"GEN-ZEE-IBU-PCM","Ibuprofen-PCM (Zeelab)","GENERIC","Ibuprofen 400mg + Paracetamol 325mg","400mg + 325mg","TABLET","ANALGESIC","Strip of 20 Tablets",20,"Zeelab Pharmacy Pvt Ltd",18.00,11.50,"30049060",12,"SCHEDULE_H","8900000001061","Ibuprofen-PCM (Zeelab)",18.00,"63%"
"GEN-DAVA-IBU-PCM","Ibuprofen + PCM (Davaindia)","GENERIC","Ibuprofen 400mg + Paracetamol 325mg","400mg + 325mg","TABLET","ANALGESIC","Strip of 20 Tablets",20,"Davaindia Generic Pharmacy",17.00,11.00,"30049060",12,"SCHEDULE_H","8900000001062","Ibuprofen + PCM (Davaindia)",17.00,"65%"
"MED-MEFTAL-SPAS","Meftal-Spas","ETHICAL","Mefenamic Acid 250mg + Dicyclomine HCl 10mg","250mg + 10mg","TABLET","ANALGESIC","Strip of 10 Tablets",10,"Blue Cross Laboratories Ltd",52.00,35.00,"30049060",12,"SCHEDULE_H","8900000001063","Mefenamic Acid 250mg + Dicyclomine 10mg (PMBJP)",18.00,"65%"
"MED-SPASMONIL-PLUS","Spasmonil-Plus","ETHICAL","Mefenamic Acid 250mg + Dicyclomine HCl 10mg","250mg + 10mg","TABLET","ANALGESIC","Strip of 10 Tablets",10,"Cipla Ltd",49.92,33.60,"30049060",12,"SCHEDULE_H","8900000001064","Mefenamic Acid 250mg + Dicyclomine 10mg (PMBJP)",18.00,"64%"
"MED-COLIMEX-DF","Colimex-DF","ETHICAL","Mefenamic Acid 250mg + Dicyclomine HCl 10mg","250mg + 10mg","TABLET","ANALGESIC","Strip of 10 Tablets",10,"Wallace Pharmaceuticals Pvt Ltd",48.88,32.90,"30049060",12,"SCHEDULE_H","8900000001065","Mefenamic Acid 250mg + Dicyclomine 10mg (PMBJP)",18.00,"63%"
"MED-DYSMEN","Dysmen","ETHICAL","Mefenamic Acid 250mg + Dicyclomine HCl 10mg","250mg + 10mg","TABLET","ANALGESIC","Strip of 10 Tablets",10,"Mankind Pharma Ltd",46.80,31.50,"30049060",12,"SCHEDULE_H","8900000001066","Mefenamic Acid 250mg + Dicyclomine 10mg (PMBJP)",18.00,"62%"
"MED-CYCLOPAM-PLUS","Cyclopam-Plus","ETHICAL","Mefenamic Acid 250mg + Dicyclomine HCl 10mg","250mg + 10mg","TABLET","ANALGESIC","Strip of 10 Tablets",10,"Indoco Remedies Ltd",50.96,34.30,"30049060",12,"SCHEDULE_H","8900000001067","Mefenamic Acid 250mg + Dicyclomine 10mg (PMBJP)",18.00,"65%"
"MED-MEFKIND-SPAS","Mefkind-Spas","ETHICAL","Mefenamic Acid 250mg + Dicyclomine HCl 10mg","250mg + 10mg","TABLET","ANALGESIC","Strip of 10 Tablets",10,"Mankind Pharma Ltd",46.28,31.15,"30049060",12,"SCHEDULE_H","8900000001068","Mefenamic Acid 250mg + Dicyclomine 10mg (PMBJP)",18.00,"61%"
"GEN-PMBJP-MEF-DIC","Mefenamic Acid + Dicyclomine (PMBJP)","GENERIC","Mefenamic Acid 250mg + Dicyclomine HCl 10mg","250mg + 10mg","TABLET","ANALGESIC","Strip of 10 Tablets",10,"PMBJP Jan Aushadhi",18.00,11.00,"30049060",12,"SCHEDULE_H","8900000001069","Mefenamic Acid + Dicyclomine (PMBJP)",18.00,"65%"
"GEN-GA-MEF-DIC","Mefenamic + Dicyclomine (Generic Aadhaar)","GENERIC","Mefenamic Acid 250mg + Dicyclomine HCl 10mg","250mg + 10mg","TABLET","ANALGESIC","Strip of 10 Tablets",10,"Generic Aadhaar",22.00,14.00,"30049060",12,"SCHEDULE_H","8900000001070","Mefenamic + Dicyclomine (Generic Aadhaar)",22.00,"58%"
"GEN-ZEE-MEF-DIC","Mefenamic-Dicyclomine (Zeelab)","GENERIC","Mefenamic Acid 250mg + Dicyclomine HCl 10mg","250mg + 10mg","TABLET","ANALGESIC","Strip of 10 Tablets",10,"Zeelab Pharmacy Pvt Ltd",21.00,13.50,"30049060",12,"SCHEDULE_H","8900000001071","Mefenamic-Dicyclomine (Zeelab)",21.00,"60%"
"GEN-DAVA-MEF-DIC","Mefenamic + Dicyclomine (Davaindia)","GENERIC","Mefenamic Acid 250mg + Dicyclomine HCl 10mg","250mg + 10mg","TABLET","ANALGESIC","Strip of 10 Tablets",10,"Davaindia Generic Pharmacy",20.00,12.80,"30049060",12,"SCHEDULE_H","8900000001072","Mefenamic + Dicyclomine (Davaindia)",20.00,"62%"
"MED-PAN-40","Pan 40","ETHICAL","Pantoprazole Sodium 40mg","40 mg","TABLET","GASTROINTESTINAL","Strip of 15 Tablets",15,"Alkem Laboratories Ltd",155.00,102.00,"30049099",12,"SCHEDULE_H","8900000001073","Pantoprazole Tablets IP 40mg (PMBJP)",28.00,"82%"
"MED-PANTOCID-40","Pantocid 40","ETHICAL","Pantoprazole Sodium 40mg","40 mg","TABLET","GASTROINTESTINAL","Strip of 15 Tablets",15,"Sun Pharmaceutical Industries Ltd",164.30,108.12,"30049099",12,"SCHEDULE_H","8900000001074","Pantoprazole Tablets IP 40mg (PMBJP)",28.00,"83%"
"MED-PANTOP-40","Pantop 40","ETHICAL","Pantoprazole Sodium 40mg","40 mg","TABLET","GASTROINTESTINAL","Strip of 15 Tablets",15,"Aristo Pharmaceuticals Pvt Ltd",147.25,96.90,"30049099",12,"SCHEDULE_H","8900000001075","Pantoprazole Tablets IP 40mg (PMBJP)",28.00,"81%"
"MED-PANTODAC-40","Pantodac 40","ETHICAL","Pantoprazole Sodium 40mg","40 mg","TABLET","GASTROINTESTINAL","Strip of 15 Tablets",15,"Zydus Cadila",158.10,104.04,"30049099",12,"SCHEDULE_H","8900000001076","Pantoprazole Tablets IP 40mg (PMBJP)",28.00,"82%"
"MED-PANTAKIND-40","Pantakind 40","ETHICAL","Pantoprazole Sodium 40mg","40 mg","TABLET","GASTROINTESTINAL","Strip of 15 Tablets",15,"Mankind Pharma Ltd",136.40,89.76,"30049099",12,"SCHEDULE_H","8900000001077","Pantoprazole Tablets IP 40mg (PMBJP)",28.00,"79%"
"MED-PANTOCID-TOR","Panto-CID","ETHICAL","Pantoprazole Sodium 40mg","40 mg","TABLET","GASTROINTESTINAL","Strip of 15 Tablets",15,"Torrent Pharmaceuticals Ltd",150.35,98.94,"30049099",12,"SCHEDULE_H","8900000001078","Pantoprazole Tablets IP 40mg (PMBJP)",28.00,"81%"
"MED-TOPRAZ-40","Topraz 40","ETHICAL","Pantoprazole Sodium 40mg","40 mg","TABLET","GASTROINTESTINAL","Strip of 15 Tablets",15,"Cipla Ltd",145.70,95.88,"30049099",12,"SCHEDULE_H","8900000001079","Pantoprazole Tablets IP 40mg (PMBJP)",28.00,"81%"
"GEN-PMBJP-PAN-40","Pantoprazole Tablets IP 40mg (PMBJP)","GENERIC","Pantoprazole Sodium 40mg","40 mg","TABLET","GASTROINTESTINAL","Strip of 15 Tablets",15,"PMBJP Jan Aushadhi",28.00,18.00,"30049099",12,"SCHEDULE_H","8900000001080","Pantoprazole Tablets IP 40mg (PMBJP)",28.00,"82%"
"GEN-GA-PAN-40","Pantoprazole 40 (Generic Aadhaar)","GENERIC","Pantoprazole Sodium 40mg","40 mg","TABLET","GASTROINTESTINAL","Strip of 15 Tablets",15,"Generic Aadhaar",35.00,22.00,"30049099",12,"SCHEDULE_H","8900000001081","Pantoprazole 40 (Generic Aadhaar)",35.00,"77%"
"GEN-ZEE-PAN-40","Pantoprazole 40 (Zeelab)","GENERIC","Pantoprazole Sodium 40mg","40 mg","TABLET","GASTROINTESTINAL","Strip of 15 Tablets",15,"Zeelab Pharmacy Pvt Ltd",36.00,23.00,"30049099",12,"SCHEDULE_H","8900000001082","Pantoprazole 40 (Zeelab)",36.00,"77%"
"GEN-DAVA-PAN-40","Pantoprazole 40 (Davaindia)","GENERIC","Pantoprazole Sodium 40mg","40 mg","TABLET","GASTROINTESTINAL","Strip of 15 Tablets",15,"Davaindia Generic Pharmacy",32.00,20.00,"30049099",12,"SCHEDULE_H","8900000001083","Pantoprazole 40 (Davaindia)",32.00,"79%"
"GEN-STAY-PAN-40","Pantoprazole 40 (StayHappi)","GENERIC","Pantoprazole Sodium 40mg","40 mg","TABLET","GASTROINTESTINAL","Strip of 15 Tablets",15,"StayHappi Generic Pharmacy",34.00,21.00,"30049099",12,"SCHEDULE_H","8900000001084","Pantoprazole 40 (StayHappi)",34.00,"78%"
"GEN-LEE-PAN-40","Pantoprazole 40 (Leeford)","GENERIC","Pantoprazole Sodium 40mg","40 mg","TABLET","GASTROINTESTINAL","Strip of 15 Tablets",15,"Leeford Healthcare Ltd",42.00,26.00,"30049099",12,"SCHEDULE_H","8900000001085","Pantoprazole 40 (Leeford)",42.00,"73%"
"MED-PAN-D","Pan-D","ETHICAL","Pantoprazole 40mg + Domperidone 30mg SR","40mg + 30mg","CAPSULE","GASTROINTESTINAL","Strip of 15 Capsules",15,"Alkem Laboratories Ltd",219.00,148.00,"30049099",12,"SCHEDULE_H","8900000001086","Pantoprazole 40mg + Domperidone 30mg SR (PMBJP)",45.00,"79%"
"MED-PANTOCID-DSR","Pantocid-DSR","ETHICAL","Pantoprazole 40mg + Domperidone 30mg SR","40mg + 30mg","CAPSULE","GASTROINTESTINAL","Strip of 15 Capsules",15,"Sun Pharmaceutical Industries Ltd",240.90,162.80,"30049099",12,"SCHEDULE_H","8900000001087","Pantoprazole 40mg + Domperidone 30mg SR (PMBJP)",45.00,"81%"
"MED-PANTOP-DSR","Pantop-DSR","ETHICAL","Pantoprazole 40mg + Domperidone 30mg SR","40mg + 30mg","CAPSULE","GASTROINTESTINAL","Strip of 15 Capsules",15,"Aristo Pharmaceuticals Pvt Ltd",210.24,142.08,"30049099",12,"SCHEDULE_H","8900000001088","Pantoprazole 40mg + Domperidone 30mg SR (PMBJP)",45.00,"79%"
"MED-PANTODAC-DSR","Pantodac-DSR","ETHICAL","Pantoprazole 40mg + Domperidone 30mg SR","40mg + 30mg","CAPSULE","GASTROINTESTINAL","Strip of 15 Capsules",15,"Zydus Cadila",227.76,153.92,"30049099",12,"SCHEDULE_H","8900000001089","Pantoprazole 40mg + Domperidone 30mg SR (PMBJP)",45.00,"80%"
"MED-PANTAKIND-DSR","Pantakind-DSR","ETHICAL","Pantoprazole 40mg + Domperidone 30mg SR","40mg + 30mg","CAPSULE","GASTROINTESTINAL","Strip of 15 Capsules",15,"Mankind Pharma Ltd",192.72,130.24,"30049099",12,"SCHEDULE_H","8900000001090","Pantoprazole 40mg + Domperidone 30mg SR (PMBJP)",45.00,"77%"
"MED-DOMPAN-SR","Dompan-SR","ETHICAL","Pantoprazole 40mg + Domperidone 30mg SR","40mg + 30mg","CAPSULE","GASTROINTESTINAL","Strip of 15 Capsules",15,"Torrent Pharmaceuticals Ltd",214.62,145.04,"30049099",12,"SCHEDULE_H","8900000001091","Pantoprazole 40mg + Domperidone 30mg SR (PMBJP)",45.00,"79%"
"MED-PANTO-D","Panto-D","ETHICAL","Pantoprazole 40mg + Domperidone 30mg SR","40mg + 30mg","CAPSULE","GASTROINTESTINAL","Strip of 15 Capsules",15,"Cipla Ltd",208.05,140.60,"30049099",12,"SCHEDULE_H","8900000001092","Pantoprazole 40mg + Domperidone 30mg SR (PMBJP)",45.00,"78%"
"GEN-PMBJP-PAN-D","Pantoprazole 40mg + Domperidone 30mg SR (PMBJP)","GENERIC","Pantoprazole 40mg + Domperidone 30mg SR","40mg + 30mg","CAPSULE","GASTROINTESTINAL","Strip of 15 Capsules",15,"PMBJP Jan Aushadhi",45.00,28.00,"30049099",12,"SCHEDULE_H","8900000001093","Pantoprazole 40mg + Domperidone 30mg SR (PMBJP)",45.00,"79%"
"GEN-GA-PAN-D","Pantoprazole DSR (Generic Aadhaar)","GENERIC","Pantoprazole 40mg + Domperidone 30mg SR","40mg + 30mg","CAPSULE","GASTROINTESTINAL","Strip of 15 Capsules",15,"Generic Aadhaar",52.00,32.00,"30049099",12,"SCHEDULE_H","8900000001094","Pantoprazole DSR (Generic Aadhaar)",52.00,"76%"
"GEN-ZEE-PAN-D","Pantoprazole-Domperidone SR (Zeelab)","GENERIC","Pantoprazole 40mg + Domperidone 30mg SR","40mg + 30mg","CAPSULE","GASTROINTESTINAL","Strip of 15 Capsules",15,"Zeelab Pharmacy Pvt Ltd",55.00,35.00,"30049099",12,"SCHEDULE_H","8900000001095","Pantoprazole-Domperidone SR (Zeelab)",55.00,"75%"
"GEN-DAVA-PAN-D","Pantoprazole DSR (Davaindia)","GENERIC","Pantoprazole 40mg + Domperidone 30mg SR","40mg + 30mg","CAPSULE","GASTROINTESTINAL","Strip of 15 Capsules",15,"Davaindia Generic Pharmacy",49.00,30.00,"30049099",12,"SCHEDULE_H","8900000001096","Pantoprazole DSR (Davaindia)",49.00,"78%"
"GEN-STAY-PAN-D","Pantoprazole DSR (StayHappi)","GENERIC","Pantoprazole 40mg + Domperidone 30mg SR","40mg + 30mg","CAPSULE","GASTROINTESTINAL","Strip of 15 Capsules",15,"StayHappi Generic Pharmacy",54.00,34.00,"30049099",12,"SCHEDULE_H","8900000001097","Pantoprazole DSR (StayHappi)",54.00,"75%"
"GEN-LEE-PAN-D","Pantoprazole DSR (Leeford)","GENERIC","Pantoprazole 40mg + Domperidone 30mg SR","40mg + 30mg","CAPSULE","GASTROINTESTINAL","Strip of 15 Capsules",15,"Leeford Healthcare Ltd",65.00,40.00,"30049099",12,"SCHEDULE_H","8900000001098","Pantoprazole DSR (Leeford)",65.00,"70%"
"MED-RABEKIND-DSR","Rabekind-DSR","ETHICAL","Rabeprazole 20mg + Domperidone 30mg SR","20mg + 30mg","CAPSULE","GASTROINTESTINAL","Strip of 10 Capsules",10,"Mankind Pharma Ltd",128.25,85.50,"30049099",12,"SCHEDULE_H","8900000001099","Rabeprazole 20mg + Domperidone 30mg SR (PMBJP)",30.00,"77%"
"MED-RAZO-D","Razo-D","ETHICAL","Rabeprazole 20mg + Domperidone 30mg SR","20mg + 30mg","CAPSULE","GASTROINTESTINAL","Strip of 10 Capsules",10,"Dr. Reddy's Laboratories Ltd",155.25,103.50,"30049099",12,"SCHEDULE_H","8900000001100","Rabeprazole 20mg + Domperidone 30mg SR (PMBJP)",30.00,"81%"
"MED-RABLET-D","Rablet-D","ETHICAL","Rabeprazole 20mg + Domperidone 30mg SR","20mg + 30mg","CAPSULE","GASTROINTESTINAL","Strip of 10 Capsules",10,"Lupin Ltd",141.75,94.50,"30049099",12,"SCHEDULE_H","8900000001101","Rabeprazole 20mg + Domperidone 30mg SR (PMBJP)",30.00,"79%"
"MED-HAPPI-D","Happi-D","ETHICAL","Rabeprazole 20mg + Domperidone 30mg SR","20mg + 30mg","CAPSULE","GASTROINTESTINAL","Strip of 10 Capsules",10,"Zydus Healthcare",137.70,91.80,"30049099",12,"SCHEDULE_H","8900000001102","Rabeprazole 20mg + Domperidone 30mg SR (PMBJP)",30.00,"78%"
"MED-CYRA-D","Cyra-D","ETHICAL","Rabeprazole 20mg + Domperidone 30mg SR","20mg + 30mg","CAPSULE","GASTROINTESTINAL","Strip of 10 Capsules",10,"Systopic Laboratories Pvt Ltd",124.20,82.80,"30049099",12,"SCHEDULE_H","8900000001103","Rabeprazole 20mg + Domperidone 30mg SR (PMBJP)",30.00,"76%"
"MED-VELOZ-D","Veloz-D","ETHICAL","Rabeprazole 20mg + Domperidone 30mg SR","20mg + 30mg","CAPSULE","GASTROINTESTINAL","Strip of 10 Capsules",10,"Torrent Pharmaceuticals Ltd",145.80,97.20,"30049099",12,"SCHEDULE_H","8900000001104","Rabeprazole 20mg + Domperidone 30mg SR (PMBJP)",30.00,"79%"
"MED-RLOC-DSR","R-Loc DSR","ETHICAL","Rabeprazole 20mg + Domperidone 30mg SR","20mg + 30mg","CAPSULE","GASTROINTESTINAL","Strip of 10 Capsules",10,"Cipla Ltd",130.95,87.30,"30049099",12,"SCHEDULE_H","8900000001105","Rabeprazole 20mg + Domperidone 30mg SR (PMBJP)",30.00,"77%"
"MED-PARIT-D","Parit-D","ETHICAL","Rabeprazole 20mg + Domperidone 30mg SR","20mg + 30mg","CAPSULE","GASTROINTESTINAL","Strip of 10 Capsules",10,"Abbott Healthcare Pvt Ltd",151.20,100.80,"30049099",12,"SCHEDULE_H","8900000001106","Rabeprazole 20mg + Domperidone 30mg SR (PMBJP)",30.00,"80%"
"GEN-PMBJP-RAB-D","Rabeprazole 20mg + Domperidone 30mg SR (PMBJP)","GENERIC","Rabeprazole 20mg + Domperidone 30mg SR","20mg + 30mg","CAPSULE","GASTROINTESTINAL","Strip of 10 Capsules",10,"PMBJP Jan Aushadhi",30.00,18.00,"30049099",12,"SCHEDULE_H","8900000001107","Rabeprazole 20mg + Domperidone 30mg SR (PMBJP)",30.00,"78%"
"GEN-GA-RAB-D","Rabeprazole DSR (Generic Aadhaar)","GENERIC","Rabeprazole 20mg + Domperidone 30mg SR","20mg + 30mg","CAPSULE","GASTROINTESTINAL","Strip of 10 Capsules",10,"Generic Aadhaar",38.00,24.00,"30049099",12,"SCHEDULE_H","8900000001108","Rabeprazole DSR (Generic Aadhaar)",38.00,"72%"
"GEN-ZEE-RAB-D","Rabeprazole-Domperidone SR (Zeelab)","GENERIC","Rabeprazole 20mg + Domperidone 30mg SR","20mg + 30mg","CAPSULE","GASTROINTESTINAL","Strip of 10 Capsules",10,"Zeelab Pharmacy Pvt Ltd",40.00,25.00,"30049099",12,"SCHEDULE_H","8900000001109","Rabeprazole-Domperidone SR (Zeelab)",40.00,"70%"
"GEN-DAVA-RAB-D","Rabeprazole DSR (Davaindia)","GENERIC","Rabeprazole 20mg + Domperidone 30mg SR","20mg + 30mg","CAPSULE","GASTROINTESTINAL","Strip of 10 Capsules",10,"Davaindia Generic Pharmacy",35.00,22.00,"30049099",12,"SCHEDULE_H","8900000001110","Rabeprazole DSR (Davaindia)",35.00,"74%"
"GEN-LEE-RAB-D","Rabeprazole DSR (Leeford)","GENERIC","Rabeprazole 20mg + Domperidone 30mg SR","20mg + 30mg","CAPSULE","GASTROINTESTINAL","Strip of 10 Capsules",10,"Leeford Healthcare Ltd",48.00,30.00,"30049099",12,"SCHEDULE_H","8900000001111","Rabeprazole DSR (Leeford)",48.00,"64%"
"MED-AUG-625","Augmentin 625 Duo","ETHICAL","Amoxycillin 500mg + Potassium Clavulanate 125mg","500mg + 125mg","TABLET","ANTIBIOTIC","Strip of 10 Tablets",10,"GlaxoSmithKline Pharmaceuticals Ltd",204.00,142.00,"30041090",12,"SCHEDULE_H1","8900000001112","Amoxycillin and Potassium Clavulanate 625mg (PMBJP)",65.00,"68%"
"MED-CLAVAM-625","Clavam 625","ETHICAL","Amoxycillin 500mg + Potassium Clavulanate 125mg","500mg + 125mg","TABLET","ANTIBIOTIC","Strip of 10 Tablets",10,"Alkem Laboratories Ltd",199.92,139.16,"30041090",12,"SCHEDULE_H1","8900000001113","Amoxycillin and Potassium Clavulanate 625mg (PMBJP)",65.00,"67%"
"MED-MOXIKIND-625","Moxikind-CV 625","ETHICAL","Amoxycillin 500mg + Potassium Clavulanate 125mg","500mg + 125mg","TABLET","ANTIBIOTIC","Strip of 10 Tablets",10,"Mankind Pharma Ltd",183.60,127.80,"30041090",12,"SCHEDULE_H1","8900000001114","Amoxycillin and Potassium Clavulanate 625mg (PMBJP)",65.00,"65%"
"MED-ADVENT-625","Advent 625","ETHICAL","Amoxycillin 500mg + Potassium Clavulanate 125mg","500mg + 125mg","TABLET","ANTIBIOTIC","Strip of 10 Tablets",10,"Cipla Ltd",193.80,134.90,"30041090",12,"SCHEDULE_H1","8900000001115","Amoxycillin and Potassium Clavulanate 625mg (PMBJP)",65.00,"66%"
"MED-MEGA-CV-625","Mega-CV 625","ETHICAL","Amoxycillin 500mg + Potassium Clavulanate 125mg","500mg + 125mg","TABLET","ANTIBIOTIC","Strip of 10 Tablets",10,"Aristo Pharmaceuticals Pvt Ltd",191.76,133.48,"30041090",12,"SCHEDULE_H1","8900000001116","Amoxycillin and Potassium Clavulanate 625mg (PMBJP)",65.00,"66%"
"MED-SENSICLAV-625","Sensiclav 625","ETHICAL","Amoxycillin 500mg + Potassium Clavulanate 125mg","500mg + 125mg","TABLET","ANTIBIOTIC","Strip of 10 Tablets",10,"Macleods Pharmaceuticals Ltd",187.68,130.64,"30041090",12,"SCHEDULE_H1","8900000001117","Amoxycillin and Potassium Clavulanate 625mg (PMBJP)",65.00,"65%"
"MED-POLYCLAV-625","Polyclav 625","ETHICAL","Amoxycillin 500mg + Potassium Clavulanate 125mg","500mg + 125mg","TABLET","ANTIBIOTIC","Strip of 10 Tablets",10,"Micro Labs Ltd",195.84,136.32,"30041090",12,"SCHEDULE_H1","8900000001118","Amoxycillin and Potassium Clavulanate 625mg (PMBJP)",65.00,"67%"
"MED-BACTOCLAV-625","Bactoclav 625","ETHICAL","Amoxycillin 500mg + Potassium Clavulanate 125mg","500mg + 125mg","TABLET","ANTIBIOTIC","Strip of 10 Tablets",10,"Micro Labs Ltd",193.80,134.90,"30041090",12,"SCHEDULE_H1","8900000001119","Amoxycillin and Potassium Clavulanate 625mg (PMBJP)",65.00,"66%"
"MED-NOVAMOX-CV","Novamox-CV 625","ETHICAL","Amoxycillin 500mg + Potassium Clavulanate 125mg","500mg + 125mg","TABLET","ANTIBIOTIC","Strip of 10 Tablets",10,"Cipla Ltd",197.88,137.74,"30041090",12,"SCHEDULE_H1","8900000001120","Amoxycillin and Potassium Clavulanate 625mg (PMBJP)",65.00,"67%"
"GEN-PMBJP-AMOX-625","Amoxycillin & Clavulanate 625mg (PMBJP)","GENERIC","Amoxycillin 500mg + Potassium Clavulanate 125mg","500mg + 125mg","TABLET","ANTIBIOTIC","Strip of 10 Tablets",10,"PMBJP Jan Aushadhi",65.00,42.00,"30041090",12,"SCHEDULE_H1","8900000001121","Amoxycillin & Clavulanate 625mg (PMBJP)",65.00,"68%"
"GEN-GA-AMOX-625","Amox-Clav 625 (Generic Aadhaar)","GENERIC","Amoxycillin 500mg + Potassium Clavulanate 125mg","500mg + 125mg","TABLET","ANTIBIOTIC","Strip of 10 Tablets",10,"Generic Aadhaar",78.00,50.00,"30041090",12,"SCHEDULE_H1","8900000001122","Amox-Clav 625 (Generic Aadhaar)",78.00,"62%"
"GEN-ZEE-AMOX-625","Amoxicillin-Clavulanic 625 (Zeelab)","GENERIC","Amoxycillin 500mg + Potassium Clavulanate 125mg","500mg + 125mg","TABLET","ANTIBIOTIC","Strip of 10 Tablets",10,"Zeelab Pharmacy Pvt Ltd",82.00,52.00,"30041090",12,"SCHEDULE_H1","8900000001123","Amoxicillin-Clavulanic 625 (Zeelab)",82.00,"60%"
"GEN-DAVA-AMOX-625","Amox-Clav 625 (Davaindia)","GENERIC","Amoxycillin 500mg + Potassium Clavulanate 125mg","500mg + 125mg","TABLET","ANTIBIOTIC","Strip of 10 Tablets",10,"Davaindia Generic Pharmacy",75.00,48.00,"30041090",12,"SCHEDULE_H1","8900000001124","Amox-Clav 625 (Davaindia)",75.00,"63%"
"GEN-STAY-AMOX-625","Amoxy-Clav 625 (StayHappi)","GENERIC","Amoxycillin 500mg + Potassium Clavulanate 125mg","500mg + 125mg","TABLET","ANTIBIOTIC","Strip of 10 Tablets",10,"StayHappi Generic Pharmacy",80.00,51.00,"30041090",12,"SCHEDULE_H1","8900000001125","Amoxy-Clav 625 (StayHappi)",80.00,"61%"
"GEN-LEE-AMOX-625","Amoxicillin Clav 625 (Leeford)","GENERIC","Amoxycillin 500mg + Potassium Clavulanate 125mg","500mg + 125mg","TABLET","ANTIBIOTIC","Strip of 10 Tablets",10,"Leeford Healthcare Ltd",95.00,60.00,"30041090",12,"SCHEDULE_H1","8900000001126","Amoxicillin Clav 625 (Leeford)",95.00,"53%"
"MED-AZITHRAL-500","Azithral 500","ETHICAL","Azithromycin Dihydrate 500mg","500 mg","TABLET","ANTIBIOTIC","Strip of 5 Tablets",5,"Alembic Pharmaceuticals Ltd",120.00,82.00,"30042099",12,"SCHEDULE_H1","8900000001127","Azithromycin Tablets IP 500mg (PMBJP)",38.00,"68%"
"MED-AZEE-500","Azee 500","ETHICAL","Azithromycin Dihydrate 500mg","500 mg","TABLET","ANTIBIOTIC","Strip of 5 Tablets",5,"Cipla Ltd",121.20,82.82,"30042099",12,"SCHEDULE_H1","8900000001128","Azithromycin Tablets IP 500mg (PMBJP)",38.00,"69%"
"MED-ZADY-500","Zady 500","ETHICAL","Azithromycin Dihydrate 500mg","500 mg","TABLET","ANTIBIOTIC","Strip of 5 Tablets",5,"Mankind Pharma Ltd",108.00,73.80,"30042099",12,"SCHEDULE_H1","8900000001129","Azithromycin Tablets IP 500mg (PMBJP)",38.00,"65%"
"MED-AZIFINE-500","Azifine 500","ETHICAL","Azithromycin Dihydrate 500mg","500 mg","TABLET","ANTIBIOTIC","Strip of 5 Tablets",5,"Glenmark Pharmaceuticals Ltd",115.20,78.72,"30042099",12,"SCHEDULE_H1","8900000001130","Azithromycin Tablets IP 500mg (PMBJP)",38.00,"67%"
"MED-LAZ-500","Laz 500","ETHICAL","Azithromycin Dihydrate 500mg","500 mg","TABLET","ANTIBIOTIC","Strip of 5 Tablets",5,"Lupin Ltd",117.60,80.36,"30042099",12,"SCHEDULE_H1","8900000001131","Azithromycin Tablets IP 500mg (PMBJP)",38.00,"68%"
"MED-AZAX-500","Azax 500","ETHICAL","Azithromycin Dihydrate 500mg","500 mg","TABLET","ANTIBIOTIC","Strip of 5 Tablets",5,"Sun Pharmaceutical Industries Ltd",122.40,83.64,"30042099",12,"SCHEDULE_H1","8900000001132","Azithromycin Tablets IP 500mg (PMBJP)",38.00,"69%"
"MED-ATM-500","ATM 500","ETHICAL","Azithromycin Dihydrate 500mg","500 mg","TABLET","ANTIBIOTIC","Strip of 5 Tablets",5,"Indoco Remedies Ltd",111.60,76.26,"30042099",12,"SCHEDULE_H1","8900000001133","Azithromycin Tablets IP 500mg (PMBJP)",38.00,"66%"
"MED-TRULIMAX-500","Trulimax 500","ETHICAL","Azithromycin Dihydrate 500mg","500 mg","TABLET","ANTIBIOTIC","Strip of 5 Tablets",5,"Torrent Pharmaceuticals Ltd",114.00,77.90,"30042099",12,"SCHEDULE_H1","8900000001134","Azithromycin Tablets IP 500mg (PMBJP)",38.00,"67%"
"MED-ZITHROX-500","Zithrox 500","ETHICAL","Azithromycin Dihydrate 500mg","500 mg","TABLET","ANTIBIOTIC","Strip of 5 Tablets",5,"Macleods Pharmaceuticals Ltd",110.40,75.44,"30042099",12,"SCHEDULE_H1","8900000001135","Azithromycin Tablets IP 500mg (PMBJP)",38.00,"66%"
"GEN-PMBJP-AZI-500","Azithromycin Tablets IP 500mg (PMBJP)","GENERIC","Azithromycin Dihydrate 500mg","500 mg","TABLET","ANTIBIOTIC","Strip of 5 Tablets",5,"PMBJP Jan Aushadhi",38.00,24.00,"30042099",12,"SCHEDULE_H1","8900000001136","Azithromycin Tablets IP 500mg (PMBJP)",38.00,"68%"
"GEN-GA-AZI-500","Azithromycin 500 (Generic Aadhaar)","GENERIC","Azithromycin Dihydrate 500mg","500 mg","TABLET","ANTIBIOTIC","Strip of 5 Tablets",5,"Generic Aadhaar",45.00,28.00,"30042099",12,"SCHEDULE_H1","8900000001137","Azithromycin 500 (Generic Aadhaar)",45.00,"63%"
"GEN-ZEE-AZI-500","Azithromycin 500 (Zeelab)","GENERIC","Azithromycin Dihydrate 500mg","500 mg","TABLET","ANTIBIOTIC","Strip of 5 Tablets",5,"Zeelab Pharmacy Pvt Ltd",48.00,30.00,"30042099",12,"SCHEDULE_H1","8900000001138","Azithromycin 500 (Zeelab)",48.00,"60%"
"GEN-DAVA-AZI-500","Azithromycin 500 (Davaindia)","GENERIC","Azithromycin Dihydrate 500mg","500 mg","TABLET","ANTIBIOTIC","Strip of 5 Tablets",5,"Davaindia Generic Pharmacy",42.00,26.00,"30042099",12,"SCHEDULE_H1","8900000001139","Azithromycin 500 (Davaindia)",42.00,"65%"
"GEN-STAY-AZI-500","Azithromycin 500 (StayHappi)","GENERIC","Azithromycin Dihydrate 500mg","500 mg","TABLET","ANTIBIOTIC","Strip of 5 Tablets",5,"StayHappi Generic Pharmacy",46.00,29.00,"30042099",12,"SCHEDULE_H1","8900000001140","Azithromycin 500 (StayHappi)",46.00,"62%"
"GEN-LEE-AZI-500","Azithromycin 500 (Leeford)","GENERIC","Azithromycin Dihydrate 500mg","500 mg","TABLET","ANTIBIOTIC","Strip of 5 Tablets",5,"Leeford Healthcare Ltd",55.00,35.00,"30042099",12,"SCHEDULE_H1","8900000001141","Azithromycin 500 (Leeford)",55.00,"54%"
"MED-TAXIMO-200","Taxim-O 200","ETHICAL","Cefixime Trihydrate 200mg","200 mg","TABLET","ANTIBIOTIC","Strip of 10 Tablets",10,"Alkem Laboratories Ltd",108.00,72.00,"30042099",12,"SCHEDULE_H1","8900000001142","Cefixime Dispersible Tablets 200mg (PMBJP)",42.00,"61%"
"MED-MAHACEF-200","Mahacef 200","ETHICAL","Cefixime Trihydrate 200mg","200 mg","TABLET","ANTIBIOTIC","Strip of 10 Tablets",10,"Mankind Pharma Ltd",104.76,69.84,"30042099",12,"SCHEDULE_H1","8900000001143","Cefixime Dispersible Tablets 200mg (PMBJP)",42.00,"60%"
"MED-ZIFI-200","Zifi 200","ETHICAL","Cefixime Trihydrate 200mg","200 mg","TABLET","ANTIBIOTIC","Strip of 10 Tablets",10,"FDC Ltd",111.24,74.16,"30042099",12,"SCHEDULE_H1","8900000001144","Cefixime Dispersible Tablets 200mg (PMBJP)",42.00,"62%"
"MED-CEFIX-200","Cefix 200","ETHICAL","Cefixime Trihydrate 200mg","200 mg","TABLET","ANTIBIOTIC","Strip of 10 Tablets",10,"Cipla Ltd",105.84,70.56,"30042099",12,"SCHEDULE_H1","8900000001145","Cefixime Dispersible Tablets 200mg (PMBJP)",42.00,"60%"
"MED-OMNICEF-200","Omnicef 200","ETHICAL","Cefixime Trihydrate 200mg","200 mg","TABLET","ANTIBIOTIC","Strip of 10 Tablets",10,"Pfizer Ltd",113.40,75.60,"30042099",12,"SCHEDULE_H1","8900000001146","Cefixime Dispersible Tablets 200mg (PMBJP)",42.00,"63%"
"MED-TOPCEF-200","Topcef 200","ETHICAL","Cefixime Trihydrate 200mg","200 mg","TABLET","ANTIBIOTIC","Strip of 10 Tablets",10,"Torrent Pharmaceuticals Ltd",106.92,71.28,"30042099",12,"SCHEDULE_H1","8900000001147","Cefixime Dispersible Tablets 200mg (PMBJP)",42.00,"61%"
"MED-CEFTAS-200","Ceftas 200","ETHICAL","Cefixime Trihydrate 200mg","200 mg","TABLET","ANTIBIOTIC","Strip of 10 Tablets",10,"Intas Pharmaceuticals Ltd",103.68,69.12,"30042099",12,"SCHEDULE_H1","8900000001148","Cefixime Dispersible Tablets 200mg (PMBJP)",42.00,"59%"
"MED-MILIXIM-200","Milixim 200","ETHICAL","Cefixime Trihydrate 200mg","200 mg","TABLET","ANTIBIOTIC","Strip of 10 Tablets",10,"Glenmark Pharmaceuticals Ltd",109.08,72.72,"30042099",12,"SCHEDULE_H1","8900000001149","Cefixime Dispersible Tablets 200mg (PMBJP)",42.00,"61%"
"MED-HIFEN-200","Hifen 200","ETHICAL","Cefixime Trihydrate 200mg","200 mg","TABLET","ANTIBIOTIC","Strip of 10 Tablets",10,"Alembic Pharmaceuticals Ltd",101.52,67.68,"30042099",12,"SCHEDULE_H1","8900000001150","Cefixime Dispersible Tablets 200mg (PMBJP)",42.00,"59%"
"GEN-PMBJP-CEF-200","Cefixime Tablets IP 200mg (PMBJP)","GENERIC","Cefixime Trihydrate 200mg","200 mg","TABLET","ANTIBIOTIC","Strip of 10 Tablets",10,"PMBJP Jan Aushadhi",42.00,26.00,"30042099",12,"SCHEDULE_H1","8900000001151","Cefixime Tablets IP 200mg (PMBJP)",42.00,"61%"
"GEN-GA-CEF-200","Cefixime 200 (Generic Aadhaar)","GENERIC","Cefixime Trihydrate 200mg","200 mg","TABLET","ANTIBIOTIC","Strip of 10 Tablets",10,"Generic Aadhaar",49.00,30.00,"30042099",12,"SCHEDULE_H1","8900000001152","Cefixime 200 (Generic Aadhaar)",49.00,"55%"
"GEN-ZEE-CEF-200","Cefixime 200 (Zeelab)","GENERIC","Cefixime Trihydrate 200mg","200 mg","TABLET","ANTIBIOTIC","Strip of 10 Tablets",10,"Zeelab Pharmacy Pvt Ltd",52.00,32.00,"30042099",12,"SCHEDULE_H1","8900000001153","Cefixime 200 (Zeelab)",52.00,"52%"
"GEN-DAVA-CEF-200","Cefixime 200 (Davaindia)","GENERIC","Cefixime Trihydrate 200mg","200 mg","TABLET","ANTIBIOTIC","Strip of 10 Tablets",10,"Davaindia Generic Pharmacy",46.00,28.00,"30042099",12,"SCHEDULE_H1","8900000001154","Cefixime 200 (Davaindia)",46.00,"57%"
"GEN-LEE-CEF-200","Cefixime 200 (Leeford)","GENERIC","Cefixime Trihydrate 200mg","200 mg","TABLET","ANTIBIOTIC","Strip of 10 Tablets",10,"Leeford Healthcare Ltd",58.00,36.00,"30042099",12,"SCHEDULE_H1","8900000001155","Cefixime 200 (Leeford)",58.00,"46%"
"MED-TELMA-40","Telma 40","ETHICAL","Telmisartan 40mg","40 mg","TABLET","CARDIOVASCULAR","Strip of 30 Tablets",30,"Glenmark Pharmaceuticals Ltd",236.00,155.00,"30049099",12,"SCHEDULE_H","8900000001156","Telmisartan Tablets IP 40mg (PMBJP)",45.00,"81%"
"MED-TELMIKIND-40","Telmikind 40","ETHICAL","Telmisartan 40mg","40 mg","TABLET","CARDIOVASCULAR","Strip of 30 Tablets",30,"Mankind Pharma Ltd",207.68,136.40,"30049099",12,"SCHEDULE_H","8900000001157","Telmisartan Tablets IP 40mg (PMBJP)",45.00,"78%"
"MED-TELPRES-40","Telpres 40","ETHICAL","Telmisartan 40mg","40 mg","TABLET","CARDIOVASCULAR","Strip of 30 Tablets",30,"Abbott Healthcare Pvt Ltd",231.28,151.90,"30049099",12,"SCHEDULE_H","8900000001158","Telmisartan Tablets IP 40mg (PMBJP)",45.00,"81%"
"MED-ARBITEL-40","Arbitel 40","ETHICAL","Telmisartan 40mg","40 mg","TABLET","CARDIOVASCULAR","Strip of 30 Tablets",30,"Micro Labs Ltd",221.84,145.70,"30049099",12,"SCHEDULE_H","8900000001159","Telmisartan Tablets IP 40mg (PMBJP)",45.00,"80%"
"MED-TELVAS-40","Telvas 40","ETHICAL","Telmisartan 40mg","40 mg","TABLET","CARDIOVASCULAR","Strip of 30 Tablets",30,"Cipla Ltd",228.92,150.35,"30049099",12,"SCHEDULE_H","8900000001160","Telmisartan Tablets IP 40mg (PMBJP)",45.00,"80%"
"MED-TAZLOC-40","Tazloc 40","ETHICAL","Telmisartan 40mg","40 mg","TABLET","CARDIOVASCULAR","Strip of 30 Tablets",30,"USV Pvt Ltd",226.56,148.80,"30049099",12,"SCHEDULE_H","8900000001161","Telmisartan Tablets IP 40mg (PMBJP)",45.00,"80%"
"MED-MACSART-40","Macsart 40","ETHICAL","Telmisartan 40mg","40 mg","TABLET","CARDIOVASCULAR","Strip of 30 Tablets",30,"Macleods Pharmaceuticals Ltd",217.12,142.60,"30049099",12,"SCHEDULE_H","8900000001162","Telmisartan Tablets IP 40mg (PMBJP)",45.00,"79%"
"MED-CRESAR-40","Cresar 40","ETHICAL","Telmisartan 40mg","40 mg","TABLET","CARDIOVASCULAR","Strip of 30 Tablets",30,"Cipla Ltd",224.20,147.25,"30049099",12,"SCHEDULE_H","8900000001163","Telmisartan Tablets IP 40mg (PMBJP)",45.00,"80%"
"MED-TELSARTAN-40","Telsartan 40","ETHICAL","Telmisartan 40mg","40 mg","TABLET","CARDIOVASCULAR","Strip of 30 Tablets",30,"Dr. Reddy's Laboratories Ltd",240.72,158.10,"30049099",12,"SCHEDULE_H","8900000001164","Telmisartan Tablets IP 40mg (PMBJP)",45.00,"81%"
"GEN-PMBJP-TEL-40","Telmisartan Tablets IP 40mg (PMBJP)","GENERIC","Telmisartan 40mg","40 mg","TABLET","CARDIOVASCULAR","Strip of 30 Tablets",30,"PMBJP Jan Aushadhi",45.00,28.00,"30049099",12,"SCHEDULE_H","8900000001165","Telmisartan Tablets IP 40mg (PMBJP)",45.00,"81%"
"GEN-GA-TEL-40","Telmisartan 40 (Generic Aadhaar)","GENERIC","Telmisartan 40mg","40 mg","TABLET","CARDIOVASCULAR","Strip of 30 Tablets",30,"Generic Aadhaar",55.00,34.00,"30049099",12,"SCHEDULE_H","8900000001166","Telmisartan 40 (Generic Aadhaar)",55.00,"77%"
"GEN-ZEE-TEL-40","Telmisartan 40 (Zeelab)","GENERIC","Telmisartan 40mg","40 mg","TABLET","CARDIOVASCULAR","Strip of 30 Tablets",30,"Zeelab Pharmacy Pvt Ltd",58.00,36.00,"30049099",12,"SCHEDULE_H","8900000001167","Telmisartan 40 (Zeelab)",58.00,"75%"
"GEN-DAVA-TEL-40","Telmisartan 40 (Davaindia)","GENERIC","Telmisartan 40mg","40 mg","TABLET","CARDIOVASCULAR","Strip of 30 Tablets",30,"Davaindia Generic Pharmacy",50.00,30.00,"30049099",12,"SCHEDULE_H","8900000001168","Telmisartan 40 (Davaindia)",50.00,"79%"
"GEN-LEE-TEL-40","Telmisartan 40 (Leeford)","GENERIC","Telmisartan 40mg","40 mg","TABLET","CARDIOVASCULAR","Strip of 30 Tablets",30,"Leeford Healthcare Ltd",68.00,42.00,"30049099",12,"SCHEDULE_H","8900000001169","Telmisartan 40 (Leeford)",68.00,"71%"
"MED-AMLONG-5","Amlong 5","ETHICAL","Amlodipine Besylate 5mg","5 mg","TABLET","CARDIOVASCULAR","Strip of 15 Tablets",15,"Micro Labs Ltd",46.50,31.00,"30049099",12,"SCHEDULE_H","8900000001170","Amlodipine Tablets IP 5mg (PMBJP)",9.00,"81%"
"MED-AMLOPRES-5","Amlopres 5","ETHICAL","Amlodipine Besylate 5mg","5 mg","TABLET","CARDIOVASCULAR","Strip of 15 Tablets",15,"Cipla Ltd",47.43,31.62,"30049099",12,"SCHEDULE_H","8900000001171","Amlodipine Tablets IP 5mg (PMBJP)",9.00,"81%"
"MED-STAMLO-5","Stamlo 5","ETHICAL","Amlodipine Besylate 5mg","5 mg","TABLET","CARDIOVASCULAR","Strip of 15 Tablets",15,"Dr. Reddy's Laboratories Ltd",49.29,32.86,"30049099",12,"SCHEDULE_H","8900000001172","Amlodipine Tablets IP 5mg (PMBJP)",9.00,"82%"
"MED-AMTAS-5","Amtas 5","ETHICAL","Amlodipine Besylate 5mg","5 mg","TABLET","CARDIOVASCULAR","Strip of 15 Tablets",15,"Intas Pharmaceuticals Ltd",44.18,29.45,"30049099",12,"SCHEDULE_H","8900000001173","Amlodipine Tablets IP 5mg (PMBJP)",9.00,"80%"
"MED-LUPIDIP-5","Lupidip 5","ETHICAL","Amlodipine Besylate 5mg","5 mg","TABLET","CARDIOVASCULAR","Strip of 15 Tablets",15,"Lupin Ltd",45.11,30.07,"30049099",12,"SCHEDULE_H","8900000001174","Amlodipine Tablets IP 5mg (PMBJP)",9.00,"80%"
"MED-CALCHEK-5","Calchek 5","ETHICAL","Amlodipine Besylate 5mg","5 mg","TABLET","CARDIOVASCULAR","Strip of 15 Tablets",15,"Ipca Laboratories Ltd",43.71,29.14,"30049099",12,"SCHEDULE_H","8900000001175","Amlodipine Tablets IP 5mg (PMBJP)",9.00,"79%"
"GEN-PMBJP-AMLO-5","Amlodipine Tablets IP 5mg (PMBJP)","GENERIC","Amlodipine Besylate 5mg","5 mg","TABLET","CARDIOVASCULAR","Strip of 15 Tablets",15,"PMBJP Jan Aushadhi",9.00,5.50,"30049099",12,"SCHEDULE_H","8900000001176","Amlodipine Tablets IP 5mg (PMBJP)",9.00,"81%"
"GEN-GA-AMLO-5","Amlodipine 5 (Generic Aadhaar)","GENERIC","Amlodipine Besylate 5mg","5 mg","TABLET","CARDIOVASCULAR","Strip of 15 Tablets",15,"Generic Aadhaar",12.00,7.20,"30049099",12,"SCHEDULE_H","8900000001177","Amlodipine 5 (Generic Aadhaar)",12.00,"74%"
"GEN-ZEE-AMLO-5","Amlodipine 5 (Zeelab)","GENERIC","Amlodipine Besylate 5mg","5 mg","TABLET","CARDIOVASCULAR","Strip of 15 Tablets",15,"Zeelab Pharmacy Pvt Ltd",13.00,7.80,"30049099",12,"SCHEDULE_H","8900000001178","Amlodipine 5 (Zeelab)",13.00,"72%"
"GEN-DAVA-AMLO-5","Amlodipine 5 (Davaindia)","GENERIC","Amlodipine Besylate 5mg","5 mg","TABLET","CARDIOVASCULAR","Strip of 15 Tablets",15,"Davaindia Generic Pharmacy",11.50,7.00,"30049099",12,"SCHEDULE_H","8900000001179","Amlodipine 5 (Davaindia)",11.50,"75%"
"MED-ATORVA-10","Atorva 10","ETHICAL","Atorvastatin Calcium 10mg","10 mg","TABLET","CARDIOVASCULAR","Strip of 15 Tablets",15,"Zydus Cadila",110.00,72.00,"30049099",12,"SCHEDULE_H","8900000001180","Atorvastatin Tablets IP 10mg (PMBJP)",24.00,"78%"
"MED-STORVAS-10","Storvas 10","ETHICAL","Atorvastatin Calcium 10mg","10 mg","TABLET","CARDIOVASCULAR","Strip of 15 Tablets",15,"Sun Pharmaceutical Industries Ltd",115.50,75.60,"30049099",12,"SCHEDULE_H","8900000001181","Atorvastatin Tablets IP 10mg (PMBJP)",24.00,"79%"
"MED-LIPIKIND-10","Lipikind 10","ETHICAL","Atorvastatin Calcium 10mg","10 mg","TABLET","CARDIOVASCULAR","Strip of 15 Tablets",15,"Mankind Pharma Ltd",96.80,63.36,"30049099",12,"SCHEDULE_H","8900000001182","Atorvastatin Tablets IP 10mg (PMBJP)",24.00,"75%"
"MED-ATOCOR-10","Atocor 10","ETHICAL","Atorvastatin Calcium 10mg","10 mg","TABLET","CARDIOVASCULAR","Strip of 15 Tablets",15,"Dr. Reddy's Laboratories Ltd",112.20,73.44,"30049099",12,"SCHEDULE_H","8900000001183","Atorvastatin Tablets IP 10mg (PMBJP)",24.00,"79%"
"MED-TONACT-10","Tonact 10","ETHICAL","Atorvastatin Calcium 10mg","10 mg","TABLET","CARDIOVASCULAR","Strip of 15 Tablets",15,"Lupin Ltd",107.80,70.56,"30049099",12,"SCHEDULE_H","8900000001184","Atorvastatin Tablets IP 10mg (PMBJP)",24.00,"78%"
"MED-AZTOR-10","Aztor 10","ETHICAL","Atorvastatin Calcium 10mg","10 mg","TABLET","CARDIOVASCULAR","Strip of 15 Tablets",15,"Sun Pharmaceutical Industries Ltd",114.40,74.88,"30049099",12,"SCHEDULE_H","8900000001185","Atorvastatin Tablets IP 10mg (PMBJP)",24.00,"79%"
"MED-STATOR-10","Stator 10","ETHICAL","Atorvastatin Calcium 10mg","10 mg","TABLET","CARDIOVASCULAR","Strip of 15 Tablets",15,"Abbott Healthcare Pvt Ltd",116.60,76.32,"30049099",12,"SCHEDULE_H","8900000001186","Atorvastatin Tablets IP 10mg (PMBJP)",24.00,"79%"
"GEN-PMBJP-ATOR-10","Atorvastatin Tablets IP 10mg (PMBJP)","GENERIC","Atorvastatin Calcium 10mg","10 mg","TABLET","CARDIOVASCULAR","Strip of 15 Tablets",15,"PMBJP Jan Aushadhi",24.00,15.00,"30049099",12,"SCHEDULE_H","8900000001187","Atorvastatin Tablets IP 10mg (PMBJP)",24.00,"78%"
"GEN-GA-ATOR-10","Atorvastatin 10 (Generic Aadhaar)","GENERIC","Atorvastatin Calcium 10mg","10 mg","TABLET","CARDIOVASCULAR","Strip of 15 Tablets",15,"Generic Aadhaar",30.00,19.00,"30049099",12,"SCHEDULE_H","8900000001188","Atorvastatin 10 (Generic Aadhaar)",30.00,"73%"
"GEN-ZEE-ATOR-10","Atorvastatin 10 (Zeelab)","GENERIC","Atorvastatin Calcium 10mg","10 mg","TABLET","CARDIOVASCULAR","Strip of 15 Tablets",15,"Zeelab Pharmacy Pvt Ltd",32.00,20.00,"30049099",12,"SCHEDULE_H","8900000001189","Atorvastatin 10 (Zeelab)",32.00,"71%"
"GEN-DAVA-ATOR-10","Atorvastatin 10 (Davaindia)","GENERIC","Atorvastatin Calcium 10mg","10 mg","TABLET","CARDIOVASCULAR","Strip of 15 Tablets",15,"Davaindia Generic Pharmacy",28.00,17.50,"30049099",12,"SCHEDULE_H","8900000001190","Atorvastatin 10 (Davaindia)",28.00,"75%"
"GEN-LEE-ATOR-10","Atorvastatin 10 (Leeford)","GENERIC","Atorvastatin Calcium 10mg","10 mg","TABLET","CARDIOVASCULAR","Strip of 15 Tablets",15,"Leeford Healthcare Ltd",38.00,24.00,"30049099",12,"SCHEDULE_H","8900000001191","Atorvastatin 10 (Leeford)",38.00,"65%"
"MED-GLYCOMET-500SR","Glycomet 500 SR","ETHICAL","Metformin Hydrochloride 500mg SR","500 mg","TABLET","ANTIDIABETIC","Strip of 20 Tablets",20,"USV Pvt Ltd",46.00,30.00,"30049099",12,"SCHEDULE_H","8900000001192","Metformin Hydrochloride SR 500mg (PMBJP)",14.00,"70%"
"MED-GLYCIPHAGE-500","Glyciphage 500 SR","ETHICAL","Metformin Hydrochloride 500mg SR","500 mg","TABLET","ANTIDIABETIC","Strip of 20 Tablets",20,"Franco-Indian Pharmaceuticals",45.08,29.40,"30049099",12,"SCHEDULE_H","8900000001193","Metformin Hydrochloride SR 500mg (PMBJP)",14.00,"69%"
"MED-CETAPIN-500","Cetapin 500 SR","ETHICAL","Metformin Hydrochloride 500mg SR","500 mg","TABLET","ANTIDIABETIC","Strip of 20 Tablets",20,"Sanofi India Ltd",46.92,30.60,"30049099",12,"SCHEDULE_H","8900000001194","Metformin Hydrochloride SR 500mg (PMBJP)",14.00,"70%"
"MED-OBIMET-500","Obimet 500 SR","ETHICAL","Metformin Hydrochloride 500mg SR","500 mg","TABLET","ANTIDIABETIC","Strip of 20 Tablets",20,"Abbott Healthcare Pvt Ltd",44.16,28.80,"30049099",12,"SCHEDULE_H","8900000001195","Metformin Hydrochloride SR 500mg (PMBJP)",14.00,"68%"
"MED-FORMINAL-500","Forminal 500 SR","ETHICAL","Metformin Hydrochloride 500mg SR","500 mg","TABLET","ANTIDIABETIC","Strip of 20 Tablets",20,"Alembic Pharmaceuticals Ltd",42.78,27.90,"30049099",12,"SCHEDULE_H","8900000001196","Metformin Hydrochloride SR 500mg (PMBJP)",14.00,"67%"
"MED-BIGOMET-500","Bigomet 500 SR","ETHICAL","Metformin Hydrochloride 500mg SR","500 mg","TABLET","ANTIDIABETIC","Strip of 20 Tablets",20,"Torrent Pharmaceuticals Ltd",43.70,28.50,"30049099",12,"SCHEDULE_H","8900000001197","Metformin Hydrochloride SR 500mg (PMBJP)",14.00,"68%"
"GEN-PMBJP-MET-500","Metformin Hydrochloride SR 500mg (PMBJP)","GENERIC","Metformin Hydrochloride 500mg SR","500 mg","TABLET","ANTIDIABETIC","Strip of 20 Tablets",20,"PMBJP Jan Aushadhi",14.00,8.50,"30049099",12,"SCHEDULE_H","8900000001198","Metformin Hydrochloride SR 500mg (PMBJP)",14.00,"70%"
"GEN-GA-MET-500","Metformin 500 SR (Generic Aadhaar)","GENERIC","Metformin Hydrochloride 500mg SR","500 mg","TABLET","ANTIDIABETIC","Strip of 20 Tablets",20,"Generic Aadhaar",18.00,11.00,"30049099",12,"SCHEDULE_H","8900000001199","Metformin 500 SR (Generic Aadhaar)",18.00,"61%"
"GEN-ZEE-MET-500","Metformin 500 SR (Zeelab)","GENERIC","Metformin Hydrochloride 500mg SR","500 mg","TABLET","ANTIDIABETIC","Strip of 20 Tablets",20,"Zeelab Pharmacy Pvt Ltd",19.00,11.50,"30049099",12,"SCHEDULE_H","8900000001200","Metformin 500 SR (Zeelab)",19.00,"59%"
"GEN-DAVA-MET-500","Metformin 500 SR (Davaindia)","GENERIC","Metformin Hydrochloride 500mg SR","500 mg","TABLET","ANTIDIABETIC","Strip of 20 Tablets",20,"Davaindia Generic Pharmacy",16.50,10.00,"30049099",12,"SCHEDULE_H","8900000001201","Metformin 500 SR (Davaindia)",16.50,"64%"
"MED-GLYCOMET-GP1","Glycomet-GP 1","ETHICAL","Metformin 500mg SR + Glimepiride 1mg","500mg + 1mg","TABLET","ANTIDIABETIC","Strip of 15 Tablets",15,"USV Pvt Ltd",120.00,80.00,"30049099",12,"SCHEDULE_H","8900000001202","Glimepiride 1mg + Metformin 500mg SR (PMBJP)",24.00,"80%"
"MED-AMARYL-M1","Amaryl-M 1","ETHICAL","Metformin 500mg SR + Glimepiride 1mg","500mg + 1mg","TABLET","ANTIDIABETIC","Strip of 15 Tablets",15,"Sanofi India Ltd",132.00,88.00,"30049099",12,"SCHEDULE_H","8900000001203","Glimepiride 1mg + Metformin 500mg SR (PMBJP)",24.00,"82%"
"MED-GLIMESTAR-M1","Glimestar-M 1","ETHICAL","Metformin 500mg SR + Glimepiride 1mg","500mg + 1mg","TABLET","ANTIDIABETIC","Strip of 15 Tablets",15,"Mankind Pharma Ltd",105.60,70.40,"30049099",12,"SCHEDULE_H","8900000001204","Glimepiride 1mg + Metformin 500mg SR (PMBJP)",24.00,"77%"
"MED-ZORYL-M1","Zoryl-M 1","ETHICAL","Metformin 500mg SR + Glimepiride 1mg","500mg + 1mg","TABLET","ANTIDIABETIC","Strip of 15 Tablets",15,"Intas Pharmaceuticals Ltd",115.20,76.80,"30049099",12,"SCHEDULE_H","8900000001205","Glimepiride 1mg + Metformin 500mg SR (PMBJP)",24.00,"79%"
"MED-GLUCONORM-G1","Gluconorm-G 1","ETHICAL","Metformin 500mg SR + Glimepiride 1mg","500mg + 1mg","TABLET","ANTIDIABETIC","Strip of 15 Tablets",15,"Lupin Ltd",117.60,78.40,"30049099",12,"SCHEDULE_H","8900000001206","Glimepiride 1mg + Metformin 500mg SR (PMBJP)",24.00,"80%"
"MED-GEMER-1","Gemer 1","ETHICAL","Metformin 500mg SR + Glimepiride 1mg","500mg + 1mg","TABLET","ANTIDIABETIC","Strip of 15 Tablets",15,"Sun Pharmaceutical Industries Ltd",124.80,83.20,"30049099",12,"SCHEDULE_H","8900000001207","Glimepiride 1mg + Metformin 500mg SR (PMBJP)",24.00,"81%"
"MED-GLIMISAVE-M1","Glimisave-M 1","ETHICAL","Metformin 500mg SR + Glimepiride 1mg","500mg + 1mg","TABLET","ANTIDIABETIC","Strip of 15 Tablets",15,"Eris Lifesciences Ltd",114.00,76.00,"30049099",12,"SCHEDULE_H","8900000001208","Glimepiride 1mg + Metformin 500mg SR (PMBJP)",24.00,"79%"
"GEN-PMBJP-GLIM-MET1","Glimepiride 1mg + Metformin 500mg SR (PMBJP)","GENERIC","Metformin 500mg SR + Glimepiride 1mg","500mg + 1mg","TABLET","ANTIDIABETIC","Strip of 15 Tablets",15,"PMBJP Jan Aushadhi",24.00,15.00,"30049099",12,"SCHEDULE_H","8900000001209","Glimepiride 1mg + Metformin 500mg SR (PMBJP)",24.00,"80%"
"GEN-GA-GLIM-MET1","Glimepiride-Metformin 1 (Generic Aadhaar)","GENERIC","Metformin 500mg SR + Glimepiride 1mg","500mg + 1mg","TABLET","ANTIDIABETIC","Strip of 15 Tablets",15,"Generic Aadhaar",30.00,19.00,"30049099",12,"SCHEDULE_H","8900000001210","Glimepiride-Metformin 1 (Generic Aadhaar)",30.00,"75%"
"GEN-ZEE-GLIM-MET1","Glimepiride + Metformin 1 (Zeelab)","GENERIC","Metformin 500mg SR + Glimepiride 1mg","500mg + 1mg","TABLET","ANTIDIABETIC","Strip of 15 Tablets",15,"Zeelab Pharmacy Pvt Ltd",32.00,20.00,"30049099",12,"SCHEDULE_H","8900000001211","Glimepiride + Metformin 1 (Zeelab)",32.00,"73%"
"GEN-DAVA-GLIM-MET1","Glimepiride + Metformin 1 (Davaindia)","GENERIC","Metformin 500mg SR + Glimepiride 1mg","500mg + 1mg","TABLET","ANTIDIABETIC","Strip of 15 Tablets",15,"Davaindia Generic Pharmacy",28.00,17.50,"30049099",12,"SCHEDULE_H","8900000001212","Glimepiride + Metformin 1 (Davaindia)",28.00,"77%"
"GEN-LEE-GLIM-MET1","Glimepiride + Metformin 1 (Leeford)","GENERIC","Metformin 500mg SR + Glimepiride 1mg","500mg + 1mg","TABLET","ANTIDIABETIC","Strip of 15 Tablets",15,"Leeford Healthcare Ltd",38.00,24.00,"30049099",12,"SCHEDULE_H","8900000001213","Glimepiride + Metformin 1 (Leeford)",38.00,"68%"
"MED-MONTAIR-LC","Montair-LC","ETHICAL","Montelukast 10mg + Levocetirizine 5mg","10mg + 5mg","TABLET","RESPIRATORY","Strip of 15 Tablets",15,"Cipla Ltd",320.00,210.00,"30049099",12,"SCHEDULE_H","8900000001214","Montelukast 10mg + Levocetirizine 5mg (PMBJP)",45.00,"86%"
"MED-MONTICOPE","Monticope","ETHICAL","Montelukast 10mg + Levocetirizine 5mg","10mg + 5mg","TABLET","RESPIRATORY","Strip of 15 Tablets",15,"Mankind Pharma Ltd",281.60,184.80,"30049099",12,"SCHEDULE_H","8900000001215","Montelukast 10mg + Levocetirizine 5mg (PMBJP)",45.00,"84%"
"MED-TELEKAST-L","Telekast-L","ETHICAL","Montelukast 10mg + Levocetirizine 5mg","10mg + 5mg","TABLET","RESPIRATORY","Strip of 15 Tablets",15,"Lupin Ltd",313.60,205.80,"30049099",12,"SCHEDULE_H","8900000001216","Montelukast 10mg + Levocetirizine 5mg (PMBJP)",45.00,"86%"
"MED-MONTEK-LC","Montek-LC","ETHICAL","Montelukast 10mg + Levocetirizine 5mg","10mg + 5mg","TABLET","RESPIRATORY","Strip of 15 Tablets",15,"Sun Pharmaceutical Industries Ltd",326.40,214.20,"30049099",12,"SCHEDULE_H","8900000001217","Montelukast 10mg + Levocetirizine 5mg (PMBJP)",45.00,"86%"
"MED-LEVOMONT","Levomont","ETHICAL","Montelukast 10mg + Levocetirizine 5mg","10mg + 5mg","TABLET","RESPIRATORY","Strip of 15 Tablets",15,"Aristo Pharmaceuticals Pvt Ltd",300.80,197.40,"30049099",12,"SCHEDULE_H","8900000001218","Montelukast 10mg + Levocetirizine 5mg (PMBJP)",45.00,"85%"
"MED-ROMILAST-L","Romilast-L","ETHICAL","Montelukast 10mg + Levocetirizine 5mg","10mg + 5mg","TABLET","RESPIRATORY","Strip of 15 Tablets",15,"Sun Pharmaceutical Industries Ltd",310.40,203.70,"30049099",12,"SCHEDULE_H","8900000001219","Montelukast 10mg + Levocetirizine 5mg (PMBJP)",45.00,"86%"
"MED-ODIMONT-LC","Odimont-LC","ETHICAL","Montelukast 10mg + Levocetirizine 5mg","10mg + 5mg","TABLET","RESPIRATORY","Strip of 15 Tablets",15,"Zydus Healthcare",304.00,199.50,"30049099",12,"SCHEDULE_H","8900000001220","Montelukast 10mg + Levocetirizine 5mg (PMBJP)",45.00,"85%"
"MED-LASMA-LC","Lasma-LC","ETHICAL","Montelukast 10mg + Levocetirizine 5mg","10mg + 5mg","TABLET","RESPIRATORY","Strip of 15 Tablets",15,"Apex Laboratories Pvt Ltd",291.20,191.10,"30049099",12,"SCHEDULE_H","8900000001221","Montelukast 10mg + Levocetirizine 5mg (PMBJP)",45.00,"85%"
"GEN-PMBJP-MONT-LEVO","Montelukast 10mg + Levocetirizine 5mg (PMBJP)","GENERIC","Montelukast 10mg + Levocetirizine 5mg","10mg + 5mg","TABLET","RESPIRATORY","Strip of 15 Tablets",15,"PMBJP Jan Aushadhi",45.00,28.00,"30049099",12,"SCHEDULE_H","8900000001222","Montelukast 10mg + Levocetirizine 5mg (PMBJP)",45.00,"86%"
"GEN-GA-MONT-LEVO","Montelukast-Levocetirizine (Generic Aadhaar)","GENERIC","Montelukast 10mg + Levocetirizine 5mg","10mg + 5mg","TABLET","RESPIRATORY","Strip of 15 Tablets",15,"Generic Aadhaar",55.00,34.00,"30049099",12,"SCHEDULE_H","8900000001223","Montelukast-Levocetirizine (Generic Aadhaar)",55.00,"83%"
"GEN-ZEE-MONT-LEVO","Montelukast + Levo (Zeelab)","GENERIC","Montelukast 10mg + Levocetirizine 5mg","10mg + 5mg","TABLET","RESPIRATORY","Strip of 15 Tablets",15,"Zeelab Pharmacy Pvt Ltd",58.00,36.00,"30049099",12,"SCHEDULE_H","8900000001224","Montelukast + Levo (Zeelab)",58.00,"82%"
"GEN-DAVA-MONT-LEVO","Montelukast + Levocetirizine (Davaindia)","GENERIC","Montelukast 10mg + Levocetirizine 5mg","10mg + 5mg","TABLET","RESPIRATORY","Strip of 15 Tablets",15,"Davaindia Generic Pharmacy",50.00,31.00,"30049099",12,"SCHEDULE_H","8900000001225","Montelukast + Levocetirizine (Davaindia)",50.00,"84%"
"GEN-STAY-MONT-LEVO","Montelukast-Levocet (StayHappi)","GENERIC","Montelukast 10mg + Levocetirizine 5mg","10mg + 5mg","TABLET","RESPIRATORY","Strip of 15 Tablets",15,"StayHappi Generic Pharmacy",56.00,35.00,"30049099",12,"SCHEDULE_H","8900000001226","Montelukast-Levocet (StayHappi)",56.00,"83%"
"GEN-LEE-MONT-LEVO","Montelukast + Levocetirizine (Leeford)","GENERIC","Montelukast 10mg + Levocetirizine 5mg","10mg + 5mg","TABLET","RESPIRATORY","Strip of 15 Tablets",15,"Leeford Healthcare Ltd",68.00,42.00,"30049099",12,"SCHEDULE_H","8900000001227","Montelukast + Levocetirizine (Leeford)",68.00,"79%"
"MED-ASCORIL-LS","Ascoril-LS Syrup","ETHICAL","Levosalbutamol 1mg + Ambroxol 30mg + Guaiphenesin 50mg / 5ml","100 ml","SYRUP","RESPIRATORY","100ml Bottle with Measuring Cup",1,"Glenmark Pharmaceuticals Ltd",128.00,84.00,"30049099",12,"SCHEDULE_H","8900000001228","Levosalbutamol + Ambroxol + Guaiphenesin Expectorant (PMBJP)",32.00,"75%"
"MED-CHERICOF-LS","Chericof-LS Syrup","ETHICAL","Levosalbutamol 1mg + Ambroxol 30mg + Guaiphenesin 50mg / 5ml","100 ml","SYRUP","RESPIRATORY","100ml Bottle with Measuring Cup",1,"Sun Pharmaceutical Industries Ltd",130.56,85.68,"30049099",12,"SCHEDULE_H","8900000001229","Levosalbutamol + Ambroxol + Guaiphenesin Expectorant (PMBJP)",32.00,"75%"
"MED-BROZEDEX-LS","Bro-Zedex LS Syrup","ETHICAL","Levosalbutamol 1mg + Ambroxol 30mg + Guaiphenesin 50mg / 5ml","100 ml","SYRUP","RESPIRATORY","100ml Bottle with Measuring Cup",1,"Wockhardt Ltd",125.44,82.32,"30049099",12,"SCHEDULE_H","8900000001230","Levosalbutamol + Ambroxol + Guaiphenesin Expectorant (PMBJP)",32.00,"74%"
"MED-MACBERY-LS","Macbery-LS Syrup","ETHICAL","Levosalbutamol 1mg + Ambroxol 30mg + Guaiphenesin 50mg / 5ml","100 ml","SYRUP","RESPIRATORY","100ml Bottle with Measuring Cup",1,"Macleods Pharmaceuticals Ltd",120.32,78.96,"30049099",12,"SCHEDULE_H","8900000001231","Levosalbutamol + Ambroxol + Guaiphenesin Expectorant (PMBJP)",32.00,"73%"
"MED-ASTHAKIND-LS","Asthakind-LS Syrup","ETHICAL","Levosalbutamol 1mg + Ambroxol 30mg + Guaiphenesin 50mg / 5ml","100 ml","SYRUP","RESPIRATORY","100ml Bottle with Measuring Cup",1,"Mankind Pharma Ltd",115.20,75.60,"30049099",12,"SCHEDULE_H","8900000001232","Levosalbutamol + Ambroxol + Guaiphenesin Expectorant (PMBJP)",32.00,"72%"
"MED-ALEX-LS","Alex-LS Syrup","ETHICAL","Levosalbutamol 1mg + Ambroxol 30mg + Guaiphenesin 50mg / 5ml","100 ml","SYRUP","RESPIRATORY","100ml Bottle with Measuring Cup",1,"Glenmark Pharmaceuticals Ltd",124.16,81.48,"30049099",12,"SCHEDULE_H","8900000001233","Levosalbutamol + Ambroxol + Guaiphenesin Expectorant (PMBJP)",32.00,"74%"
"MED-VISCODYNE-LS","Viscodyne-LS Syrup","ETHICAL","Levosalbutamol 1mg + Ambroxol 30mg + Guaiphenesin 50mg / 5ml","100 ml","SYRUP","RESPIRATORY","100ml Bottle with Measuring Cup",1,"Ipca Laboratories Ltd",121.60,79.80,"30049099",12,"SCHEDULE_H","8900000001234","Levosalbutamol + Ambroxol + Guaiphenesin Expectorant (PMBJP)",32.00,"74%"
"GEN-PMBJP-LEVO-LS","Levosalbutamol + Ambroxol + Guaiphenesin (PMBJP)","GENERIC","Levosalbutamol 1mg + Ambroxol 30mg + Guaiphenesin 50mg / 5ml","100 ml","SYRUP","RESPIRATORY","100ml Bottle with Measuring Cup",1,"PMBJP Jan Aushadhi",32.00,20.00,"30049099",12,"SCHEDULE_H","8900000001235","Levosalbutamol + Ambroxol + Guaiphenesin (PMBJP)",32.00,"75%"
"GEN-GA-LEVO-LS","Levo-Ambroxol-Guaiphenesin (Generic Aadhaar)","GENERIC","Levosalbutamol 1mg + Ambroxol 30mg + Guaiphenesin 50mg / 5ml","100 ml","SYRUP","RESPIRATORY","100ml Bottle with Measuring Cup",1,"Generic Aadhaar",38.00,24.00,"30049099",12,"SCHEDULE_H","8900000001236","Levo-Ambroxol-Guaiphenesin (Generic Aadhaar)",38.00,"70%"
"GEN-ZEE-LEVO-LS","Cough Expectorant LS (Zeelab)","GENERIC","Levosalbutamol 1mg + Ambroxol 30mg + Guaiphenesin 50mg / 5ml","100 ml","SYRUP","RESPIRATORY","100ml Bottle with Measuring Cup",1,"Zeelab Pharmacy Pvt Ltd",40.00,25.00,"30049099",12,"SCHEDULE_H","8900000001237","Cough Expectorant LS (Zeelab)",40.00,"69%"
"GEN-DAVA-LEVO-LS","Cough Syrup LS (Davaindia)","GENERIC","Levosalbutamol 1mg + Ambroxol 30mg + Guaiphenesin 50mg / 5ml","100 ml","SYRUP","RESPIRATORY","100ml Bottle with Measuring Cup",1,"Davaindia Generic Pharmacy",36.00,22.00,"30049099",12,"SCHEDULE_H","8900000001238","Cough Syrup LS (Davaindia)",36.00,"72%"
"GEN-LEE-LEVO-LS","Levosalbutamol Expectorant (Leeford)","GENERIC","Levosalbutamol 1mg + Ambroxol 30mg + Guaiphenesin 50mg / 5ml","100 ml","SYRUP","RESPIRATORY","100ml Bottle with Measuring Cup",1,"Leeford Healthcare Ltd",45.00,28.00,"30049099",12,"SCHEDULE_H","8900000001239","Levosalbutamol Expectorant (Leeford)",45.00,"65%"
"MED-MONOCEF-1G","Monocef 1g Injection","ETHICAL","Ceftriaxone Sodium IP 1000mg","1000 mg","INJECTION","ANTIBIOTIC","1 Vial + WFI Solvent",1,"Aristo Pharmaceuticals Pvt Ltd",65.50,42.00,"30042099",12,"SCHEDULE_H1","8900000001240","Ceftriaxone Injection IP 1g (PMBJP)",26.00,"60%"
"MED-XONE-1G","Xone 1g Injection","ETHICAL","Ceftriaxone Sodium IP 1000mg","1000 mg","INJECTION","ANTIBIOTIC","1 Vial + WFI Solvent",1,"Alkem Laboratories Ltd",64.19,41.16,"30042099",12,"SCHEDULE_H1","8900000001241","Ceftriaxone Injection IP 1g (PMBJP)",26.00,"59%"
"MED-POWERCEF-1G","Powercef 1g Injection","ETHICAL","Ceftriaxone Sodium IP 1000mg","1000 mg","INJECTION","ANTIBIOTIC","1 Vial + WFI Solvent",1,"Wockhardt Ltd",62.88,40.32,"30042099",12,"SCHEDULE_H1","8900000001242","Ceftriaxone Injection IP 1g (PMBJP)",26.00,"59%"
"MED-CTRI-1G","C-Tri 1g Injection","ETHICAL","Ceftriaxone Sodium IP 1000mg","1000 mg","INJECTION","ANTIBIOTIC","1 Vial + WFI Solvent",1,"Cipla Ltd",64.85,41.58,"30042099",12,"SCHEDULE_H1","8900000001243","Ceftriaxone Injection IP 1g (PMBJP)",26.00,"60%"
"MED-OFRAMAX-1G","Oframax 1g Injection","ETHICAL","Ceftriaxone Sodium IP 1000mg","1000 mg","INJECTION","ANTIBIOTIC","1 Vial + WFI Solvent",1,"Sun Pharmaceutical Industries Ltd",68.78,44.10,"30042099",12,"SCHEDULE_H1","8900000001244","Ceftriaxone Injection IP 1g (PMBJP)",26.00,"62%"
"MED-CEFBACT-1G","Cefbact 1g Injection","ETHICAL","Ceftriaxone Sodium IP 1000mg","1000 mg","INJECTION","ANTIBIOTIC","1 Vial + WFI Solvent",1,"Intas Pharmaceuticals Ltd",63.54,40.74,"30042099",12,"SCHEDULE_H1","8900000001245","Ceftriaxone Injection IP 1g (PMBJP)",26.00,"59%"
"GEN-PMBJP-CEF-1G","Ceftriaxone Injection IP 1g (PMBJP)","GENERIC","Ceftriaxone Sodium IP 1000mg","1000 mg","INJECTION","ANTIBIOTIC","1 Vial + WFI Solvent",1,"PMBJP Jan Aushadhi",26.00,16.00,"30042099",12,"SCHEDULE_H1","8900000001246","Ceftriaxone Injection IP 1g (PMBJP)",26.00,"60%"
"GEN-GA-CEF-1G","Ceftriaxone 1g Inj (Generic Aadhaar)","GENERIC","Ceftriaxone Sodium IP 1000mg","1000 mg","INJECTION","ANTIBIOTIC","1 Vial + WFI Solvent",1,"Generic Aadhaar",30.00,18.50,"30042099",12,"SCHEDULE_H1","8900000001247","Ceftriaxone 1g Inj (Generic Aadhaar)",30.00,"54%"
"GEN-ZEE-CEF-1G","Ceftriaxone 1g Inj (Zeelab)","GENERIC","Ceftriaxone Sodium IP 1000mg","1000 mg","INJECTION","ANTIBIOTIC","1 Vial + WFI Solvent",1,"Zeelab Pharmacy Pvt Ltd",32.00,20.00,"30042099",12,"SCHEDULE_H1","8900000001248","Ceftriaxone 1g Inj (Zeelab)",32.00,"51%"
"GEN-DAVA-CEF-1G","Ceftriaxone 1g Inj (Davaindia)","GENERIC","Ceftriaxone Sodium IP 1000mg","1000 mg","INJECTION","ANTIBIOTIC","1 Vial + WFI Solvent",1,"Davaindia Generic Pharmacy",29.00,18.00,"30042099",12,"SCHEDULE_H1","8900000001249","Ceftriaxone 1g Inj (Davaindia)",29.00,"56%"
"GEN-LEE-CEF-1G","Ceftriaxone 1g Inj (Leeford)","GENERIC","Ceftriaxone Sodium IP 1000mg","1000 mg","INJECTION","ANTIBIOTIC","1 Vial + WFI Solvent",1,"Leeford Healthcare Ltd",36.00,22.00,"30042099",12,"SCHEDULE_H1","8900000001250","Ceftriaxone 1g Inj (Leeford)",36.00,"45%"
"MED-PIPZO-45G","Pipzo 4.5g Injection","ETHICAL","Piperacillin 4000mg + Tazobactam 500mg","4.5 g","INJECTION","ANTIBIOTIC","1 Infusion Vial",1,"Sun Pharmaceutical Industries Ltd",485.00,320.00,"30041090",12,"SCHEDULE_H1","8900000001251","Piperacillin + Tazobactam Injection 4.5g (PMBJP)",165.00,"66%"
"MED-TAZOMAC-45G","Tazomac 4.5g Injection","ETHICAL","Piperacillin 4000mg + Tazobactam 500mg","4.5 g","INJECTION","ANTIBIOTIC","1 Infusion Vial",1,"Macleods Pharmaceuticals Ltd",460.75,304.00,"30041090",12,"SCHEDULE_H1","8900000001252","Piperacillin + Tazobactam Injection 4.5g (PMBJP)",165.00,"64%"
"MED-ZOSYN-45G","Zosyn 4.5g Injection","ETHICAL","Piperacillin 4000mg + Tazobactam 500mg","4.5 g","INJECTION","ANTIBIOTIC","1 Infusion Vial",1,"Pfizer Products India Pvt Ltd",557.75,368.00,"30041090",12,"SCHEDULE_H1","8900000001253","Piperacillin + Tazobactam Injection 4.5g (PMBJP)",165.00,"70%"
"MED-PIPTAZ-45G","Piptaz 4.5g Injection","ETHICAL","Piperacillin 4000mg + Tazobactam 500mg","4.5 g","INJECTION","ANTIBIOTIC","1 Infusion Vial",1,"Cipla Ltd",475.30,313.60,"30041090",12,"SCHEDULE_H1","8900000001254","Piperacillin + Tazobactam Injection 4.5g (PMBJP)",165.00,"65%"
"MED-TAZACT-45G","Tazact 4.5g Injection","ETHICAL","Piperacillin 4000mg + Tazobactam 500mg","4.5 g","INJECTION","ANTIBIOTIC","1 Infusion Vial",1,"Alkem Laboratories Ltd",465.60,307.20,"30041090",12,"SCHEDULE_H1","8900000001255","Piperacillin + Tazobactam Injection 4.5g (PMBJP)",165.00,"65%"
"GEN-PMBJP-PIPTAZ","Piperacillin + Tazobactam 4.5g (PMBJP)","GENERIC","Piperacillin 4000mg + Tazobactam 500mg","4.5 g","INJECTION","ANTIBIOTIC","1 Infusion Vial",1,"PMBJP Jan Aushadhi",165.00,105.00,"30041090",12,"SCHEDULE_H1","8900000001256","Piperacillin + Tazobactam 4.5g (PMBJP)",165.00,"66%"
"GEN-GA-PIPTAZ","Piperacillin-Tazo 4.5g (Generic Aadhaar)","GENERIC","Piperacillin 4000mg + Tazobactam 500mg","4.5 g","INJECTION","ANTIBIOTIC","1 Infusion Vial",1,"Generic Aadhaar",185.00,118.00,"30041090",12,"SCHEDULE_H1","8900000001257","Piperacillin-Tazo 4.5g (Generic Aadhaar)",185.00,"62%"
"GEN-ZEE-PIPTAZ","Pip-Taz 4.5g (Zeelab)","GENERIC","Piperacillin 4000mg + Tazobactam 500mg","4.5 g","INJECTION","ANTIBIOTIC","1 Infusion Vial",1,"Zeelab Pharmacy Pvt Ltd",195.00,125.00,"30041090",12,"SCHEDULE_H1","8900000001258","Pip-Taz 4.5g (Zeelab)",195.00,"60%"
"GEN-DAVA-PIPTAZ","Pip-Taz 4.5g (Davaindia)","GENERIC","Piperacillin 4000mg + Tazobactam 500mg","4.5 g","INJECTION","ANTIBIOTIC","1 Infusion Vial",1,"Davaindia Generic Pharmacy",178.00,114.00,"30041090",12,"SCHEDULE_H1","8900000001259","Pip-Taz 4.5g (Davaindia)",178.00,"63%"
"GEN-LEE-PIPTAZ","Piperacillin + Tazobactam (Leeford)","GENERIC","Piperacillin 4000mg + Tazobactam 500mg","4.5 g","INJECTION","ANTIBIOTIC","1 Infusion Vial",1,"Leeford Healthcare Ltd",215.00,138.00,"30041090",12,"SCHEDULE_H1","8900000001260","Piperacillin + Tazobactam (Leeford)",215.00,"56%"
"MED-MOXICIP-DROPS","Moxicip Eye Drops","ETHICAL","Moxifloxacin Hydrochloride 0.5% w/v","0.5% (5ml)","DROPS","ANTIBIOTIC","5ml Dropper Bottle",1,"Cipla Ltd",145.00,95.00,"30042099",12,"SCHEDULE_H","8900000001261","Moxifloxacin Eye Drops 0.5% 5ml (PMBJP)",32.00,"78%"
"MED-VIGAMOX-ED","Vigamox Eye Drops","ETHICAL","Moxifloxacin Hydrochloride 0.5% w/v","0.5% (5ml)","DROPS","ANTIBIOTIC","5ml Dropper Bottle",1,"Alcon Laboratories India Pvt Ltd",181.25,118.75,"30042099",12,"SCHEDULE_H","8900000001262","Moxifloxacin Eye Drops 0.5% 5ml (PMBJP)",32.00,"82%"
"MED-MILFLOX-ED","Milflox Eye Drops","ETHICAL","Moxifloxacin Hydrochloride 0.5% w/v","0.5% (5ml)","DROPS","ANTIBIOTIC","5ml Dropper Bottle",1,"Sun Pharmaceutical Industries Ltd",142.10,93.10,"30042099",12,"SCHEDULE_H","8900000001263","Moxifloxacin Eye Drops 0.5% 5ml (PMBJP)",32.00,"77%"
"MED-MAHAFLOX-ED","Mahaflox Eye Drops","ETHICAL","Moxifloxacin Hydrochloride 0.5% w/v","0.5% (5ml)","DROPS","ANTIBIOTIC","5ml Dropper Bottle",1,"Mankind Pharma Ltd",127.60,83.60,"30042099",12,"SCHEDULE_H","8900000001264","Moxifloxacin Eye Drops 0.5% 5ml (PMBJP)",32.00,"75%"
"MED-MOXOFT-ED","Moxoft Eye Drops","ETHICAL","Moxifloxacin Hydrochloride 0.5% w/v","0.5% (5ml)","DROPS","ANTIBIOTIC","5ml Dropper Bottle",1,"Alembic Pharmaceuticals Ltd",136.30,89.30,"30042099",12,"SCHEDULE_H","8900000001265","Moxifloxacin Eye Drops 0.5% 5ml (PMBJP)",32.00,"77%"
"GEN-PMBJP-MOXI-ED","Moxifloxacin Eye Drops 0.5% (PMBJP)","GENERIC","Moxifloxacin Hydrochloride 0.5% w/v","0.5% (5ml)","DROPS","ANTIBIOTIC","5ml Dropper Bottle",1,"PMBJP Jan Aushadhi",32.00,20.00,"30042099",12,"SCHEDULE_H","8900000001266","Moxifloxacin Eye Drops 0.5% (PMBJP)",32.00,"78%"
"GEN-GA-MOXI-ED","Moxifloxacin Eye Drops (Generic Aadhaar)","GENERIC","Moxifloxacin Hydrochloride 0.5% w/v","0.5% (5ml)","DROPS","ANTIBIOTIC","5ml Dropper Bottle",1,"Generic Aadhaar",38.00,24.00,"30042099",12,"SCHEDULE_H","8900000001267","Moxifloxacin Eye Drops (Generic Aadhaar)",38.00,"74%"
"GEN-ZEE-MOXI-ED","Moxifloxacin Drops (Zeelab)","GENERIC","Moxifloxacin Hydrochloride 0.5% w/v","0.5% (5ml)","DROPS","ANTIBIOTIC","5ml Dropper Bottle",1,"Zeelab Pharmacy Pvt Ltd",40.00,25.00,"30042099",12,"SCHEDULE_H","8900000001268","Moxifloxacin Drops (Zeelab)",40.00,"72%"
"GEN-DAVA-MOXI-ED","Moxifloxacin 0.5% (Davaindia)","GENERIC","Moxifloxacin Hydrochloride 0.5% w/v","0.5% (5ml)","DROPS","ANTIBIOTIC","5ml Dropper Bottle",1,"Davaindia Generic Pharmacy",36.00,22.00,"30042099",12,"SCHEDULE_H","8900000001269","Moxifloxacin 0.5% (Davaindia)",36.00,"75%"
"MED-REFRESH-TEARS","Refresh Tears 0.5%","ETHICAL","Carboxymethylcellulose Sodium 0.5% w/v","0.5% (10ml)","DROPS","GENERAL","10ml Dropper Bottle",1,"Allergan India Pvt Ltd",162.00,110.00,"30049099",12,"OTC","8900000001270","Carboxymethylcellulose Eye Drops 0.5% (PMBJP)",35.00,"78%"
"MED-TEARS-PLUS","Tears Plus","ETHICAL","Carboxymethylcellulose Sodium 0.5% w/v","0.5% (10ml)","DROPS","GENERAL","10ml Dropper Bottle",1,"Allergan India Pvt Ltd",153.90,104.50,"30049099",12,"OTC","8900000001271","Carboxymethylcellulose Eye Drops 0.5% (PMBJP)",35.00,"77%"
"MED-LOCTEARS","LocTears","ETHICAL","Carboxymethylcellulose Sodium 0.5% w/v","0.5% (10ml)","DROPS","GENERAL","10ml Dropper Bottle",1,"Sun Pharmaceutical Industries Ltd",149.04,101.20,"30049099",12,"OTC","8900000001272","Carboxymethylcellulose Eye Drops 0.5% (PMBJP)",35.00,"77%"
"MED-ADDTEARS","AddTears","ETHICAL","Carboxymethylcellulose Sodium 0.5% w/v","0.5% (10ml)","DROPS","GENERAL","10ml Dropper Bottle",1,"Cipla Ltd",152.28,103.40,"30049099",12,"OTC","8900000001273","Carboxymethylcellulose Eye Drops 0.5% (PMBJP)",35.00,"77%"
"MED-LUBREX","Lubrex 0.5%","ETHICAL","Carboxymethylcellulose Sodium 0.5% w/v","0.5% (10ml)","DROPS","GENERAL","10ml Dropper Bottle",1,"Mankind Pharma Ltd",142.56,96.80,"30049099",12,"OTC","8900000001274","Carboxymethylcellulose Eye Drops 0.5% (PMBJP)",35.00,"75%"
"GEN-PMBJP-CMC-ED","Carboxymethylcellulose Eye Drops 0.5% (PMBJP)","GENERIC","Carboxymethylcellulose Sodium 0.5% w/v","0.5% (10ml)","DROPS","GENERAL","10ml Dropper Bottle",1,"PMBJP Jan Aushadhi",35.00,22.00,"30049099",12,"OTC","8900000001275","Carboxymethylcellulose Eye Drops 0.5% (PMBJP)",35.00,"78%"
"GEN-GA-CMC-ED","CMC Eye Drops (Generic Aadhaar)","GENERIC","Carboxymethylcellulose Sodium 0.5% w/v","0.5% (10ml)","DROPS","GENERAL","10ml Dropper Bottle",1,"Generic Aadhaar",42.00,26.00,"30049099",12,"OTC","8900000001276","CMC Eye Drops (Generic Aadhaar)",42.00,"74%"
"GEN-ZEE-CMC-ED","Eye Lubricant Drops (Zeelab)","GENERIC","Carboxymethylcellulose Sodium 0.5% w/v","0.5% (10ml)","DROPS","GENERAL","10ml Dropper Bottle",1,"Zeelab Pharmacy Pvt Ltd",45.00,28.00,"30049099",12,"OTC","8900000001277","Eye Lubricant Drops (Zeelab)",45.00,"72%"
"GEN-DAVA-CMC-ED","Carboxymethylcellulose (Davaindia)","GENERIC","Carboxymethylcellulose Sodium 0.5% w/v","0.5% (10ml)","DROPS","GENERAL","10ml Dropper Bottle",1,"Davaindia Generic Pharmacy",39.00,24.00,"30049099",12,"OTC","8900000001278","Carboxymethylcellulose (Davaindia)",39.00,"76%"
"MED-BETADINE-OINT","Betadine 5% Ointment","ETHICAL","Povidone-Iodine 5% w/w Ointment","5% (20g)","OINTMENT","DERMATOLOGICAL","20g Aluminum Tube",1,"Win-Medicare Pvt Ltd",74.00,48.00,"30049099",12,"OTC","8900000001279","Povidone Iodine Ointment 5% 20g (PMBJP)",22.00,"70%"
"MED-CIPLADINE-OINT","Cipladine 5% Ointment","ETHICAL","Povidone-Iodine 5% w/w Ointment","5% (20g)","OINTMENT","DERMATOLOGICAL","20g Aluminum Tube",1,"Cipla Ltd",68.08,44.16,"30049099",12,"OTC","8900000001280","Povidone Iodine Ointment 5% 20g (PMBJP)",22.00,"68%"
"MED-WOKADINE-OINT","Wokadine 5% Ointment","ETHICAL","Povidone-Iodine 5% w/w Ointment","5% (20g)","OINTMENT","DERMATOLOGICAL","20g Aluminum Tube",1,"Wockhardt Ltd",70.30,45.60,"30049099",12,"OTC","8900000001281","Povidone Iodine Ointment 5% 20g (PMBJP)",22.00,"69%"
"MED-RANIDINE-OINT","Ranidine 5% Ointment","ETHICAL","Povidone-Iodine 5% w/w Ointment","5% (20g)","OINTMENT","DERMATOLOGICAL","20g Aluminum Tube",1,"Sun Pharmaceutical Industries Ltd",69.56,45.12,"30049099",12,"OTC","8900000001282","Povidone Iodine Ointment 5% 20g (PMBJP)",22.00,"68%"
"GEN-PMBJP-POVI-OINT","Povidone Iodine Ointment 5% (PMBJP)","GENERIC","Povidone-Iodine 5% w/w Ointment","5% (20g)","OINTMENT","DERMATOLOGICAL","20g Aluminum Tube",1,"PMBJP Jan Aushadhi",22.00,14.00,"30049099",12,"OTC","8900000001283","Povidone Iodine Ointment 5% (PMBJP)",22.00,"70%"
"GEN-GA-POVI-OINT","Povidone Iodine 5% (Generic Aadhaar)","GENERIC","Povidone-Iodine 5% w/w Ointment","5% (20g)","OINTMENT","DERMATOLOGICAL","20g Aluminum Tube",1,"Generic Aadhaar",28.00,17.50,"30049099",12,"OTC","8900000001284","Povidone Iodine 5% (Generic Aadhaar)",28.00,"62%"
"GEN-ZEE-POVI-OINT","Antiseptic Povidone Ointment (Zeelab)","GENERIC","Povidone-Iodine 5% w/w Ointment","5% (20g)","OINTMENT","DERMATOLOGICAL","20g Aluminum Tube",1,"Zeelab Pharmacy Pvt Ltd",30.00,18.50,"30049099",12,"OTC","8900000001285","Antiseptic Povidone Ointment (Zeelab)",30.00,"59%"
"GEN-DAVA-POVI-OINT","Povidone Iodine (Davaindia)","GENERIC","Povidone-Iodine 5% w/w Ointment","5% (20g)","OINTMENT","DERMATOLOGICAL","20g Aluminum Tube",1,"Davaindia Generic Pharmacy",25.00,16.00,"30049099",12,"OTC","8900000001286","Povidone Iodine (Davaindia)",25.00,"66%"
"GEN-LEE-POVI-OINT","Povidone Iodine Ointment (Leeford)","GENERIC","Povidone-Iodine 5% w/w Ointment","5% (20g)","OINTMENT","DERMATOLOGICAL","20g Aluminum Tube",1,"Leeford Healthcare Ltd",34.00,21.00,"30049099",12,"OTC","8900000001287","Povidone Iodine Ointment (Leeford)",34.00,"54%"
"MED-ASTHALIN-INH","Asthalin Inhaler (200 MDI)","ETHICAL","Salbutamol 100mcg per actuation MDI","100 mcg (200 doses)","INHALER","RESPIRATORY","Canister with Actuator (200 puffs)",1,"Cipla Ltd",168.00,112.00,"30049099",12,"SCHEDULE_H","8900000001288","Salbutamol Inhaler 100mcg (200 doses) (PMBJP)",58.00,"65%"
"MED-VENTORLIN-INH","Ventorlin Inhaler","ETHICAL","Salbutamol 100mcg per actuation MDI","100 mcg (200 doses)","INHALER","RESPIRATORY","Canister with Actuator (200 puffs)",1,"GlaxoSmithKline Pharmaceuticals Ltd",174.72,116.48,"30049099",12,"SCHEDULE_H","8900000001289","Salbutamol Inhaler 100mcg (200 doses) (PMBJP)",58.00,"67%"
"MED-DERIHALER","Derihaler","ETHICAL","Salbutamol 100mcg per actuation MDI","100 mcg (200 doses)","INHALER","RESPIRATORY","Canister with Actuator (200 puffs)",1,"Zydus Healthcare",159.60,106.40,"30049099",12,"SCHEDULE_H","8900000001290","Salbutamol Inhaler 100mcg (200 doses) (PMBJP)",58.00,"64%"
"MED-SALBAIR-INH","Salbair Inhaler","ETHICAL","Salbutamol 100mcg per actuation MDI","100 mcg (200 doses)","INHALER","RESPIRATORY","Canister with Actuator (200 puffs)",1,"Lupin Ltd",162.96,108.64,"30049099",12,"SCHEDULE_H","8900000001291","Salbutamol Inhaler 100mcg (200 doses) (PMBJP)",58.00,"64%"
"GEN-PMBJP-SALB-INH","Salbutamol Inhaler 100mcg (PMBJP)","GENERIC","Salbutamol 100mcg per actuation MDI","100 mcg (200 doses)","INHALER","RESPIRATORY","Canister with Actuator (200 puffs)",1,"PMBJP Jan Aushadhi",58.00,36.00,"30049099",12,"SCHEDULE_H","8900000001292","Salbutamol Inhaler 100mcg (PMBJP)",58.00,"65%"
"GEN-GA-SALB-INH","Salbutamol Inhaler (Generic Aadhaar)","GENERIC","Salbutamol 100mcg per actuation MDI","100 mcg (200 doses)","INHALER","RESPIRATORY","Canister with Actuator (200 puffs)",1,"Generic Aadhaar",68.00,42.00,"30049099",12,"SCHEDULE_H","8900000001293","Salbutamol Inhaler (Generic Aadhaar)",68.00,"60%"
"GEN-ZEE-SALB-INH","Salbutamol Inhaler (Zeelab)","GENERIC","Salbutamol 100mcg per actuation MDI","100 mcg (200 doses)","INHALER","RESPIRATORY","Canister with Actuator (200 puffs)",1,"Zeelab Pharmacy Pvt Ltd",72.00,45.00,"30049099",12,"SCHEDULE_H","8900000001294","Salbutamol Inhaler (Zeelab)",72.00,"57%"
"GEN-DAVA-SALB-INH","Salbutamol Inhaler (Davaindia)","GENERIC","Salbutamol 100mcg per actuation MDI","100 mcg (200 doses)","INHALER","RESPIRATORY","Canister with Actuator (200 puffs)",1,"Davaindia Generic Pharmacy",64.00,40.00,"30049099",12,"SCHEDULE_H","8900000001295","Salbutamol Inhaler (Davaindia)",64.00,"62%"
"MED-SHELCAL-500","Shelcal 500","ETHICAL","Calcium 500mg + Vitamin D3 250IU","500mg + 250IU","TABLET","VITAMINS_MINERALS","Strip of 15 Tablets",15,"Torrent Pharmaceuticals Ltd",131.00,86.00,"30045090",12,"OTC","8900000001296","Calcium 500mg + Vitamin D3 250IU Tablets (PMBJP)",32.00,"76%"
"MED-GEMCAL-500","Gemcal 500","ETHICAL","Calcium 500mg + Vitamin D3 250IU","500mg + 250IU","TABLET","VITAMINS_MINERALS","Strip of 15 Tablets",15,"Alkem Laboratories Ltd",128.38,84.28,"30045090",12,"OTC","8900000001297","Calcium 500mg + Vitamin D3 250IU Tablets (PMBJP)",32.00,"75%"
"MED-CIPCAL-500","Cipcal 500","ETHICAL","Calcium 500mg + Vitamin D3 250IU","500mg + 250IU","TABLET","VITAMINS_MINERALS","Strip of 15 Tablets",15,"Cipla Ltd",125.76,82.56,"30045090",12,"OTC","8900000001298","Calcium 500mg + Vitamin D3 250IU Tablets (PMBJP)",32.00,"75%"
"MED-CALCIMAX-500","Calcimax 500","ETHICAL","Calcium 500mg + Vitamin D3 250IU","500mg + 250IU","TABLET","VITAMINS_MINERALS","Strip of 15 Tablets",15,"Meyer Organics Pvt Ltd",136.24,89.44,"30045090",12,"OTC","8900000001299","Calcium 500mg + Vitamin D3 250IU Tablets (PMBJP)",32.00,"77%"
"MED-CORCIUM-500","Corcium 500","ETHICAL","Calcium 500mg + Vitamin D3 250IU","500mg + 250IU","TABLET","VITAMINS_MINERALS","Strip of 15 Tablets",15,"Sun Pharmaceutical Industries Ltd",124.45,81.70,"30045090",12,"OTC","8900000001300","Calcium 500mg + Vitamin D3 250IU Tablets (PMBJP)",32.00,"74%"
"GEN-PMBJP-CALC-D3","Calcium 500mg + Vitamin D3 Tablets (PMBJP)","GENERIC","Calcium 500mg + Vitamin D3 250IU","500mg + 250IU","TABLET","VITAMINS_MINERALS","Strip of 15 Tablets",15,"PMBJP Jan Aushadhi",32.00,20.00,"30045090",12,"OTC","8900000001301","Calcium 500mg + Vitamin D3 Tablets (PMBJP)",32.00,"76%"
"GEN-GA-CALC-D3","Calcium + D3 500 (Generic Aadhaar)","GENERIC","Calcium 500mg + Vitamin D3 250IU","500mg + 250IU","TABLET","VITAMINS_MINERALS","Strip of 15 Tablets",15,"Generic Aadhaar",38.00,24.00,"30045090",12,"OTC","8900000001302","Calcium + D3 500 (Generic Aadhaar)",38.00,"71%"
"GEN-ZEE-CALC-D3","Calcium with Vitamin D3 (Zeelab)","GENERIC","Calcium 500mg + Vitamin D3 250IU","500mg + 250IU","TABLET","VITAMINS_MINERALS","Strip of 15 Tablets",15,"Zeelab Pharmacy Pvt Ltd",40.00,25.00,"30045090",12,"OTC","8900000001303","Calcium with Vitamin D3 (Zeelab)",40.00,"69%"
"GEN-DAVA-CALC-D3","Calcium + D3 (Davaindia)","GENERIC","Calcium 500mg + Vitamin D3 250IU","500mg + 250IU","TABLET","VITAMINS_MINERALS","Strip of 15 Tablets",15,"Davaindia Generic Pharmacy",36.00,22.00,"30045090",12,"OTC","8900000001304","Calcium + D3 (Davaindia)",36.00,"73%"
"GEN-LEE-CALC-D3","Calcium + Vitamin D3 (Leeford)","GENERIC","Calcium 500mg + Vitamin D3 250IU","500mg + 250IU","TABLET","VITAMINS_MINERALS","Strip of 15 Tablets",15,"Leeford Healthcare Ltd",46.00,28.00,"30045090",12,"OTC","8900000001305","Calcium + Vitamin D3 (Leeford)",46.00,"65%"
"MED-CEFAKIND-500","Cefakind 500","ETHICAL","Cefuroxime Axetil 500mg","500 mg","TABLET","ANTIBIOTIC","Strip of 10 Tablets",10,"Mankind Pharma Ltd",465.00,310.00,"30042099",12,"SCHEDULE_H1","8900000001306","Cefuroxime Axetil Tablets 500mg (PMBJP)",140.00,"70%"
"MED-CETIL-500","Cetil 500","ETHICAL","Cefuroxime Axetil 500mg","500 mg","TABLET","ANTIBIOTIC","Strip of 10 Tablets",10,"Lupin Ltd",474.30,316.20,"30042099",12,"SCHEDULE_H1","8900000001307","Cefuroxime Axetil Tablets 500mg (PMBJP)",140.00,"70%"
"MED-PULMOCEF-500","Pulmocef 500","ETHICAL","Cefuroxime Axetil 500mg","500 mg","TABLET","ANTIBIOTIC","Strip of 10 Tablets",10,"Micro Labs Ltd",455.70,303.80,"30042099",12,"SCHEDULE_H1","8900000001308","Cefuroxime Axetil Tablets 500mg (PMBJP)",140.00,"69%"
"MED-ALTACEF-500","Altacef 500","ETHICAL","Cefuroxime Axetil 500mg","500 mg","TABLET","ANTIBIOTIC","Strip of 10 Tablets",10,"Glenmark Pharmaceuticals Ltd",483.60,322.40,"30042099",12,"SCHEDULE_H1","8900000001309","Cefuroxime Axetil Tablets 500mg (PMBJP)",140.00,"71%"
"MED-FORCEF-500","Forcef 500","ETHICAL","Cefuroxime Axetil 500mg","500 mg","TABLET","ANTIBIOTIC","Strip of 10 Tablets",10,"Aristo Pharmaceuticals Pvt Ltd",441.75,294.50,"30042099",12,"SCHEDULE_H1","8900000001310","Cefuroxime Axetil Tablets 500mg (PMBJP)",140.00,"68%"
"MED-CEFTUM-500","Ceftum 500","ETHICAL","Cefuroxime Axetil 500mg","500 mg","TABLET","ANTIBIOTIC","Strip of 10 Tablets",10,"GlaxoSmithKline Pharmaceuticals Ltd",511.50,341.00,"30042099",12,"SCHEDULE_H1","8900000001311","Cefuroxime Axetil Tablets 500mg (PMBJP)",140.00,"73%"
"MED-ZEFU-500","Zefu 500","ETHICAL","Cefuroxime Axetil 500mg","500 mg","TABLET","ANTIBIOTIC","Strip of 10 Tablets",10,"Alkem Laboratories Ltd",451.05,300.70,"30042099",12,"SCHEDULE_H1","8900000001312","Cefuroxime Axetil Tablets 500mg (PMBJP)",140.00,"69%"
"GEN-PMBJP-CEFU-500","Cefuroxime Axetil 500mg (PMBJP)","GENERIC","Cefuroxime Axetil 500mg","500 mg","TABLET","ANTIBIOTIC","Strip of 10 Tablets",10,"PMBJP Jan Aushadhi",140.00,90.00,"30042099",12,"SCHEDULE_H1","8900000001313","Cefuroxime Axetil 500mg (PMBJP)",140.00,"70%"
"GEN-GA-CEFU-500","Cefuroxime 500 (Generic Aadhaar)","GENERIC","Cefuroxime Axetil 500mg","500 mg","TABLET","ANTIBIOTIC","Strip of 10 Tablets",10,"Generic Aadhaar",165.00,105.00,"30042099",12,"SCHEDULE_H1","8900000001314","Cefuroxime 500 (Generic Aadhaar)",165.00,"65%"
"GEN-ZEE-CEFU-500","Cefuroxime Axetil (Zeelab)","GENERIC","Cefuroxime Axetil 500mg","500 mg","TABLET","ANTIBIOTIC","Strip of 10 Tablets",10,"Zeelab Pharmacy Pvt Ltd",175.00,110.00,"30042099",12,"SCHEDULE_H1","8900000001315","Cefuroxime Axetil (Zeelab)",175.00,"62%"
"GEN-DAVA-CEFU-500","Cefuroxime 500 (Davaindia)","GENERIC","Cefuroxime Axetil 500mg","500 mg","TABLET","ANTIBIOTIC","Strip of 10 Tablets",10,"Davaindia Generic Pharmacy",155.00,98.00,"30042099",12,"SCHEDULE_H1","8900000001316","Cefuroxime 500 (Davaindia)",155.00,"67%"
"GEN-LEE-CEFU-500","Cefuroxime Axetil 500 (Leeford)","GENERIC","Cefuroxime Axetil 500mg","500 mg","TABLET","ANTIBIOTIC","Strip of 10 Tablets",10,"Leeford Healthcare Ltd",195.00,125.00,"30042099",12,"SCHEDULE_H1","8900000001317","Cefuroxime Axetil 500 (Leeford)",195.00,"58%"
"MED-CIPLOX-500","Ciplox 500","ETHICAL","Ciprofloxacin Hydrochloride 500mg","500 mg","TABLET","ANTIBIOTIC","Strip of 10 Tablets",10,"Cipla Ltd",42.00,28.00,"30042099",12,"SCHEDULE_H1","8900000001318","Ciprofloxacin Tablets IP 500mg (PMBJP)",15.00,"64%"
"MED-CIFRAN-500","Cifran 500","ETHICAL","Ciprofloxacin Hydrochloride 500mg","500 mg","TABLET","ANTIBIOTIC","Strip of 10 Tablets",10,"Sun Pharmaceutical Industries Ltd",44.10,29.40,"30042099",12,"SCHEDULE_H1","8900000001319","Ciprofloxacin Tablets IP 500mg (PMBJP)",15.00,"66%"
"MED-CIPROBID-500","Ciprobid 500","ETHICAL","Ciprofloxacin Hydrochloride 500mg","500 mg","TABLET","ANTIBIOTIC","Strip of 10 Tablets",10,"Cadila Pharmaceuticals Ltd",39.48,26.32,"30042099",12,"SCHEDULE_H1","8900000001320","Ciprofloxacin Tablets IP 500mg (PMBJP)",15.00,"62%"
"MED-ALCIPRO-500","Alcipro 500","ETHICAL","Ciprofloxacin Hydrochloride 500mg","500 mg","TABLET","ANTIBIOTIC","Strip of 10 Tablets",10,"Alkem Laboratories Ltd",40.32,26.88,"30042099",12,"SCHEDULE_H1","8900000001321","Ciprofloxacin Tablets IP 500mg (PMBJP)",15.00,"63%"
"MED-BAYCIP-500","Baycip 500","ETHICAL","Ciprofloxacin Hydrochloride 500mg","500 mg","TABLET","ANTIBIOTIC","Strip of 10 Tablets",10,"Bayer Pharmaceuticals",45.36,30.24,"30042099",12,"SCHEDULE_H1","8900000001322","Ciprofloxacin Tablets IP 500mg (PMBJP)",15.00,"67%"
"MED-QUINTOR-500","Quintor 500","ETHICAL","Ciprofloxacin Hydrochloride 500mg","500 mg","TABLET","ANTIBIOTIC","Strip of 10 Tablets",10,"Torrent Pharmaceuticals Ltd",41.16,27.44,"30042099",12,"SCHEDULE_H1","8900000001323","Ciprofloxacin Tablets IP 500mg (PMBJP)",15.00,"64%"
"GEN-PMBJP-CIP-500","Ciprofloxacin Tablets 500mg (PMBJP)","GENERIC","Ciprofloxacin Hydrochloride 500mg","500 mg","TABLET","ANTIBIOTIC","Strip of 10 Tablets",10,"PMBJP Jan Aushadhi",15.00,9.50,"30042099",12,"SCHEDULE_H1","8900000001324","Ciprofloxacin Tablets 500mg (PMBJP)",15.00,"64%"
"GEN-GA-CIP-500","Ciprofloxacin 500 (Generic Aadhaar)","GENERIC","Ciprofloxacin Hydrochloride 500mg","500 mg","TABLET","ANTIBIOTIC","Strip of 10 Tablets",10,"Generic Aadhaar",19.00,12.00,"30042099",12,"SCHEDULE_H1","8900000001325","Ciprofloxacin 500 (Generic Aadhaar)",19.00,"55%"
"GEN-ZEE-CIP-500","Ciprofloxacin 500 (Zeelab)","GENERIC","Ciprofloxacin Hydrochloride 500mg","500 mg","TABLET","ANTIBIOTIC","Strip of 10 Tablets",10,"Zeelab Pharmacy Pvt Ltd",20.00,12.50,"30042099",12,"SCHEDULE_H1","8900000001326","Ciprofloxacin 500 (Zeelab)",20.00,"52%"
"GEN-DAVA-CIP-500","Ciprofloxacin 500 (Davaindia)","GENERIC","Ciprofloxacin Hydrochloride 500mg","500 mg","TABLET","ANTIBIOTIC","Strip of 10 Tablets",10,"Davaindia Generic Pharmacy",18.00,11.00,"30042099",12,"SCHEDULE_H1","8900000001327","Ciprofloxacin 500 (Davaindia)",18.00,"57%"
"GEN-LEE-CIP-500","Ciprofloxacin 500 (Leeford)","GENERIC","Ciprofloxacin Hydrochloride 500mg","500 mg","TABLET","ANTIBIOTIC","Strip of 10 Tablets",10,"Leeford Healthcare Ltd",24.00,15.00,"30042099",12,"SCHEDULE_H1","8900000001328","Ciprofloxacin 500 (Leeford)",24.00,"43%"
"MED-ZENFLOX-OZ","Zenflox-OZ","ETHICAL","Ofloxacin 200mg + Ornidazole 500mg","200mg + 500mg","TABLET","ANTIBIOTIC","Strip of 10 Tablets",10,"Mankind Pharma Ltd",122.00,82.00,"30042099",12,"SCHEDULE_H1","8900000001329","Ofloxacin 200mg + Ornidazole 500mg (PMBJP)",35.00,"71%"
"MED-OFLOX-OZ","Oflox-OZ","ETHICAL","Ofloxacin 200mg + Ornidazole 500mg","200mg + 500mg","TABLET","ANTIBIOTIC","Strip of 10 Tablets",10,"Cipla Ltd",126.88,85.28,"30042099",12,"SCHEDULE_H1","8900000001330","Ofloxacin 200mg + Ornidazole 500mg (PMBJP)",35.00,"72%"
"MED-ZANOCIN-OZ","Zanocin-OZ","ETHICAL","Ofloxacin 200mg + Ornidazole 500mg","200mg + 500mg","TABLET","ANTIBIOTIC","Strip of 10 Tablets",10,"Sun Pharmaceutical Industries Ltd",131.76,88.56,"30042099",12,"SCHEDULE_H1","8900000001331","Ofloxacin 200mg + Ornidazole 500mg (PMBJP)",35.00,"73%"
"MED-OFLOMAC-OZ","Oflomac-OZ","ETHICAL","Ofloxacin 200mg + Ornidazole 500mg","200mg + 500mg","TABLET","ANTIBIOTIC","Strip of 10 Tablets",10,"Macleods Pharmaceuticals Ltd",115.90,77.90,"30042099",12,"SCHEDULE_H1","8900000001332","Ofloxacin 200mg + Ornidazole 500mg (PMBJP)",35.00,"70%"
"MED-ORNOF","Ornof","ETHICAL","Ofloxacin 200mg + Ornidazole 500mg","200mg + 500mg","TABLET","ANTIBIOTIC","Strip of 10 Tablets",10,"Aristo Pharmaceuticals Pvt Ltd",117.12,78.72,"30042099",12,"SCHEDULE_H1","8900000001333","Ofloxacin 200mg + Ornidazole 500mg (PMBJP)",35.00,"70%"
"MED-OFLOTAS-OZ","Oflotas-OZ","ETHICAL","Ofloxacin 200mg + Ornidazole 500mg","200mg + 500mg","TABLET","ANTIBIOTIC","Strip of 10 Tablets",10,"Intas Pharmaceuticals Ltd",119.56,80.36,"30042099",12,"SCHEDULE_H1","8900000001334","Ofloxacin 200mg + Ornidazole 500mg (PMBJP)",35.00,"71%"
"GEN-PMBJP-OFL-ORN","Ofloxacin + Ornidazole (PMBJP)","GENERIC","Ofloxacin 200mg + Ornidazole 500mg","200mg + 500mg","TABLET","ANTIBIOTIC","Strip of 10 Tablets",10,"PMBJP Jan Aushadhi",35.00,22.00,"30042099",12,"SCHEDULE_H1","8900000001335","Ofloxacin + Ornidazole (PMBJP)",35.00,"71%"
"GEN-GA-OFL-ORN","Ofloxacin-Ornidazole (Generic Aadhaar)","GENERIC","Ofloxacin 200mg + Ornidazole 500mg","200mg + 500mg","TABLET","ANTIBIOTIC","Strip of 10 Tablets",10,"Generic Aadhaar",44.00,28.00,"30042099",12,"SCHEDULE_H1","8900000001336","Ofloxacin-Ornidazole (Generic Aadhaar)",44.00,"64%"
"GEN-ZEE-OFL-ORN","Ofloxacin-Ornidazole (Zeelab)","GENERIC","Ofloxacin 200mg + Ornidazole 500mg","200mg + 500mg","TABLET","ANTIBIOTIC","Strip of 10 Tablets",10,"Zeelab Pharmacy Pvt Ltd",46.00,29.00,"30042099",12,"SCHEDULE_H1","8900000001337","Ofloxacin-Ornidazole (Zeelab)",46.00,"62%"
"GEN-DAVA-OFL-ORN","Ofloxacin + Ornidazole (Davaindia)","GENERIC","Ofloxacin 200mg + Ornidazole 500mg","200mg + 500mg","TABLET","ANTIBIOTIC","Strip of 10 Tablets",10,"Davaindia Generic Pharmacy",40.00,25.00,"30042099",12,"SCHEDULE_H1","8900000001338","Ofloxacin + Ornidazole (Davaindia)",40.00,"67%"
"GEN-LEE-OFL-ORN","Ofloxacin-Ornidazole (Leeford)","GENERIC","Ofloxacin 200mg + Ornidazole 500mg","200mg + 500mg","TABLET","ANTIBIOTIC","Strip of 10 Tablets",10,"Leeford Healthcare Ltd",54.00,34.00,"30042099",12,"SCHEDULE_H1","8900000001339","Ofloxacin-Ornidazole (Leeford)",54.00,"56%"
"MED-CILACAR-10","Cilacar 10","ETHICAL","Cilnidipine 10mg","10 mg","TABLET","CARDIOVASCULAR","Strip of 15 Tablets",15,"J.B. Chemicals & Pharmaceuticals Ltd",148.00,99.00,"30049099",12,"SCHEDULE_H","8900000001340","Cilnidipine Tablets 10mg (PMBJP)",38.00,"74%"
"MED-NEXVAS-10","Nexvas 10","ETHICAL","Cilnidipine 10mg","10 mg","TABLET","CARDIOVASCULAR","Strip of 15 Tablets",15,"Sun Pharmaceutical Industries Ltd",153.92,102.96,"30049099",12,"SCHEDULE_H","8900000001341","Cilnidipine Tablets 10mg (PMBJP)",38.00,"75%"
"MED-TWINCAL-10","Twincal 10","ETHICAL","Cilnidipine 10mg","10 mg","TABLET","CARDIOVASCULAR","Strip of 15 Tablets",15,"Zydus Cadila",145.04,97.02,"30049099",12,"SCHEDULE_H","8900000001342","Cilnidipine Tablets 10mg (PMBJP)",38.00,"74%"
"MED-CILAHEART-10","Cilaheart 10","ETHICAL","Cilnidipine 10mg","10 mg","TABLET","CARDIOVASCULAR","Strip of 15 Tablets",15,"Mankind Pharma Ltd",133.20,89.10,"30049099",12,"SCHEDULE_H","8900000001343","Cilnidipine Tablets 10mg (PMBJP)",38.00,"71%"
"MED-DILNIP-10","Dilnip 10","ETHICAL","Cilnidipine 10mg","10 mg","TABLET","CARDIOVASCULAR","Strip of 15 Tablets",15,"Torrent Pharmaceuticals Ltd",142.08,95.04,"30049099",12,"SCHEDULE_H","8900000001344","Cilnidipine Tablets 10mg (PMBJP)",38.00,"73%"
"GEN-PMBJP-CIL-10","Cilnidipine Tablets 10mg (PMBJP)","GENERIC","Cilnidipine 10mg","10 mg","TABLET","CARDIOVASCULAR","Strip of 15 Tablets",15,"PMBJP Jan Aushadhi",38.00,24.00,"30049099",12,"SCHEDULE_H","8900000001345","Cilnidipine Tablets 10mg (PMBJP)",38.00,"74%"
"GEN-GA-CIL-10","Cilnidipine 10 (Generic Aadhaar)","GENERIC","Cilnidipine 10mg","10 mg","TABLET","CARDIOVASCULAR","Strip of 15 Tablets",15,"Generic Aadhaar",48.00,30.00,"30049099",12,"SCHEDULE_H","8900000001346","Cilnidipine 10 (Generic Aadhaar)",48.00,"68%"
"GEN-ZEE-CIL-10","Cilnidipine 10 (Zeelab)","GENERIC","Cilnidipine 10mg","10 mg","TABLET","CARDIOVASCULAR","Strip of 15 Tablets",15,"Zeelab Pharmacy Pvt Ltd",50.00,32.00,"30049099",12,"SCHEDULE_H","8900000001347","Cilnidipine 10 (Zeelab)",50.00,"66%"
"GEN-DAVA-CIL-10","Cilnidipine 10 (Davaindia)","GENERIC","Cilnidipine 10mg","10 mg","TABLET","CARDIOVASCULAR","Strip of 15 Tablets",15,"Davaindia Generic Pharmacy",44.00,28.00,"30049099",12,"SCHEDULE_H","8900000001348","Cilnidipine 10 (Davaindia)",44.00,"70%"
"MED-ROSUVAS-10","Rosuvas 10","ETHICAL","Rosuvastatin Calcium 10mg","10 mg","TABLET","CARDIOVASCULAR","Strip of 15 Tablets",15,"Sun Pharmaceutical Industries Ltd",245.00,162.00,"30049099",12,"SCHEDULE_H","8900000001349","Rosuvastatin Tablets IP 10mg (PMBJP)",48.00,"80%"
"MED-ROSAVE-10","Rosave 10","ETHICAL","Rosuvastatin Calcium 10mg","10 mg","TABLET","CARDIOVASCULAR","Strip of 15 Tablets",15,"Torrent Pharmaceuticals Ltd",240.10,158.76,"30049099",12,"SCHEDULE_H","8900000001350","Rosuvastatin Tablets IP 10mg (PMBJP)",48.00,"80%"
"MED-ROZUCOR-10","Rozucor 10","ETHICAL","Rosuvastatin Calcium 10mg","10 mg","TABLET","CARDIOVASCULAR","Strip of 15 Tablets",15,"Torrent Pharmaceuticals Ltd",242.55,160.38,"30049099",12,"SCHEDULE_H","8900000001351","Rosuvastatin Tablets IP 10mg (PMBJP)",48.00,"80%"
"MED-RAZEL-10","Razel 10","ETHICAL","Rosuvastatin Calcium 10mg","10 mg","TABLET","CARDIOVASCULAR","Strip of 15 Tablets",15,"Glenmark Pharmaceuticals Ltd",237.65,157.14,"30049099",12,"SCHEDULE_H","8900000001352","Rosuvastatin Tablets IP 10mg (PMBJP)",48.00,"80%"
"MED-NOVASTAT-10","Novastat 10","ETHICAL","Rosuvastatin Calcium 10mg","10 mg","TABLET","CARDIOVASCULAR","Strip of 15 Tablets",15,"Lupin Ltd",249.90,165.24,"30049099",12,"SCHEDULE_H","8900000001353","Rosuvastatin Tablets IP 10mg (PMBJP)",48.00,"81%"
"MED-CREVAST-10","Crevast 10","ETHICAL","Rosuvastatin Calcium 10mg","10 mg","TABLET","CARDIOVASCULAR","Strip of 15 Tablets",15,"Cipla Ltd",235.20,155.52,"30049099",12,"SCHEDULE_H","8900000001354","Rosuvastatin Tablets IP 10mg (PMBJP)",48.00,"80%"
"MED-ZYROVA-10","Zyrova 10","ETHICAL","Rosuvastatin Calcium 10mg","10 mg","TABLET","CARDIOVASCULAR","Strip of 15 Tablets",15,"Zydus Cadila",232.75,153.90,"30049099",12,"SCHEDULE_H","8900000001355","Rosuvastatin Tablets IP 10mg (PMBJP)",48.00,"79%"
"GEN-PMBJP-ROSU-10","Rosuvastatin Tablets IP 10mg (PMBJP)","GENERIC","Rosuvastatin Calcium 10mg","10 mg","TABLET","CARDIOVASCULAR","Strip of 15 Tablets",15,"PMBJP Jan Aushadhi",48.00,30.00,"30049099",12,"SCHEDULE_H","8900000001356","Rosuvastatin Tablets IP 10mg (PMBJP)",48.00,"80%"
"GEN-GA-ROSU-10","Rosuvastatin 10 (Generic Aadhaar)","GENERIC","Rosuvastatin Calcium 10mg","10 mg","TABLET","CARDIOVASCULAR","Strip of 15 Tablets",15,"Generic Aadhaar",60.00,38.00,"30049099",12,"SCHEDULE_H","8900000001357","Rosuvastatin 10 (Generic Aadhaar)",60.00,"76%"
"GEN-ZEE-ROSU-10","Rosuvastatin 10 (Zeelab)","GENERIC","Rosuvastatin Calcium 10mg","10 mg","TABLET","CARDIOVASCULAR","Strip of 15 Tablets",15,"Zeelab Pharmacy Pvt Ltd",62.00,40.00,"30049099",12,"SCHEDULE_H","8900000001358","Rosuvastatin 10 (Zeelab)",62.00,"75%"
"GEN-DAVA-ROSU-10","Rosuvastatin 10 (Davaindia)","GENERIC","Rosuvastatin Calcium 10mg","10 mg","TABLET","CARDIOVASCULAR","Strip of 15 Tablets",15,"Davaindia Generic Pharmacy",55.00,35.00,"30049099",12,"SCHEDULE_H","8900000001359","Rosuvastatin 10 (Davaindia)",55.00,"78%"
"GEN-LEE-ROSU-10","Rosuvastatin 10 (Leeford)","GENERIC","Rosuvastatin Calcium 10mg","10 mg","TABLET","CARDIOVASCULAR","Strip of 15 Tablets",15,"Leeford Healthcare Ltd",75.00,48.00,"30049099",12,"SCHEDULE_H","8900000001360","Rosuvastatin 10 (Leeford)",75.00,"69%"
"MED-ECOSPRIN-75","Ecosprin 75","ETHICAL","Aspirin Gastro-Resistant 75mg","75 mg","TABLET","CARDIOVASCULAR","Strip of 14 Tablets",14,"USV Pvt Ltd",5.50,3.80,"30049099",12,"SCHEDULE_H","8900000001361","Aspirin Gastro-Resistant 75mg (PMBJP)",2.20,"60%"
"MED-LOPRIN-75","Loprin 75","ETHICAL","Aspirin Gastro-Resistant 75mg","75 mg","TABLET","CARDIOVASCULAR","Strip of 14 Tablets",14,"Torrent Pharmaceuticals Ltd",5.28,3.65,"30049099",12,"SCHEDULE_H","8900000001362","Aspirin Gastro-Resistant 75mg (PMBJP)",2.20,"58%"
"MED-DELISPRIN-75","Delisprin 75","ETHICAL","Aspirin Gastro-Resistant 75mg","75 mg","TABLET","CARDIOVASCULAR","Strip of 14 Tablets",14,"Aristo Pharmaceuticals Pvt Ltd",5.17,3.57,"30049099",12,"SCHEDULE_H","8900000001363","Aspirin Gastro-Resistant 75mg (PMBJP)",2.20,"57%"
"MED-ASA-75","ASA 75","ETHICAL","Aspirin Gastro-Resistant 75mg","75 mg","TABLET","CARDIOVASCULAR","Strip of 14 Tablets",14,"Zydus Cadila",5.39,3.72,"30049099",12,"SCHEDULE_H","8900000001364","Aspirin Gastro-Resistant 75mg (PMBJP)",2.20,"59%"
"GEN-PMBJP-ASP-75","Aspirin Tablets 75mg (PMBJP)","GENERIC","Aspirin Gastro-Resistant 75mg","75 mg","TABLET","CARDIOVASCULAR","Strip of 14 Tablets",14,"PMBJP Jan Aushadhi",2.20,1.40,"30049099",12,"SCHEDULE_H","8900000001365","Aspirin Tablets 75mg (PMBJP)",2.20,"60%"
"GEN-GA-ASP-75","Aspirin 75 (Generic Aadhaar)","GENERIC","Aspirin Gastro-Resistant 75mg","75 mg","TABLET","CARDIOVASCULAR","Strip of 14 Tablets",14,"Generic Aadhaar",3.00,1.80,"30049099",12,"SCHEDULE_H","8900000001366","Aspirin 75 (Generic Aadhaar)",3.00,"45%"
"GEN-ZEE-ASP-75","Aspirin 75 (Zeelab)","GENERIC","Aspirin Gastro-Resistant 75mg","75 mg","TABLET","CARDIOVASCULAR","Strip of 14 Tablets",14,"Zeelab Pharmacy Pvt Ltd",3.20,2.00,"30049099",12,"SCHEDULE_H","8900000001367","Aspirin 75 (Zeelab)",3.20,"42%"
"GEN-DAVA-ASP-75","Aspirin 75 (Davaindia)","GENERIC","Aspirin Gastro-Resistant 75mg","75 mg","TABLET","CARDIOVASCULAR","Strip of 14 Tablets",14,"Davaindia Generic Pharmacy",2.80,1.70,"30049099",12,"SCHEDULE_H","8900000001368","Aspirin 75 (Davaindia)",2.80,"49%"
"MED-CLOPILET-75","Clopilet 75","ETHICAL","Clopidogrel 75mg","75 mg","TABLET","CARDIOVASCULAR","Strip of 15 Tablets",15,"Sun Pharmaceutical Industries Ltd",145.00,98.00,"30049099",12,"SCHEDULE_H","8900000001369","Clopidogrel Tablets IP 75mg (PMBJP)",35.00,"76%"
"MED-DEPLATT-75","Deplatt 75","ETHICAL","Clopidogrel 75mg","75 mg","TABLET","CARDIOVASCULAR","Strip of 15 Tablets",15,"Torrent Pharmaceuticals Ltd",142.10,96.04,"30049099",12,"SCHEDULE_H","8900000001370","Clopidogrel Tablets IP 75mg (PMBJP)",35.00,"75%"
"MED-PLAVIX-75","Plavix 75","ETHICAL","Clopidogrel 75mg","75 mg","TABLET","CARDIOVASCULAR","Strip of 15 Tablets",15,"Sanofi India Ltd",181.25,122.50,"30049099",12,"SCHEDULE_H","8900000001371","Clopidogrel Tablets IP 75mg (PMBJP)",35.00,"81%"
"MED-CLAVIX-75","Clavix 75","ETHICAL","Clopidogrel 75mg","75 mg","TABLET","CARDIOVASCULAR","Strip of 15 Tablets",15,"Intas Pharmaceuticals Ltd",139.20,94.08,"30049099",12,"SCHEDULE_H","8900000001372","Clopidogrel Tablets IP 75mg (PMBJP)",35.00,"75%"
"MED-CERUVIN-75","Ceruvin 75","ETHICAL","Clopidogrel 75mg","75 mg","TABLET","CARDIOVASCULAR","Strip of 15 Tablets",15,"Sun Pharmaceutical Industries Ltd",140.65,95.06,"30049099",12,"SCHEDULE_H","8900000001373","Clopidogrel Tablets IP 75mg (PMBJP)",35.00,"75%"
"GEN-PMBJP-CLOP-75","Clopidogrel Tablets IP 75mg (PMBJP)","GENERIC","Clopidogrel 75mg","75 mg","TABLET","CARDIOVASCULAR","Strip of 15 Tablets",15,"PMBJP Jan Aushadhi",35.00,22.00,"30049099",12,"SCHEDULE_H","8900000001374","Clopidogrel Tablets IP 75mg (PMBJP)",35.00,"76%"
"GEN-GA-CLOP-75","Clopidogrel 75 (Generic Aadhaar)","GENERIC","Clopidogrel 75mg","75 mg","TABLET","CARDIOVASCULAR","Strip of 15 Tablets",15,"Generic Aadhaar",45.00,28.00,"30049099",12,"SCHEDULE_H","8900000001375","Clopidogrel 75 (Generic Aadhaar)",45.00,"69%"
"GEN-ZEE-CLOP-75","Clopidogrel 75 (Zeelab)","GENERIC","Clopidogrel 75mg","75 mg","TABLET","CARDIOVASCULAR","Strip of 15 Tablets",15,"Zeelab Pharmacy Pvt Ltd",48.00,30.00,"30049099",12,"SCHEDULE_H","8900000001376","Clopidogrel 75 (Zeelab)",48.00,"67%"
"GEN-DAVA-CLOP-75","Clopidogrel 75 (Davaindia)","GENERIC","Clopidogrel 75mg","75 mg","TABLET","CARDIOVASCULAR","Strip of 15 Tablets",15,"Davaindia Generic Pharmacy",42.00,26.00,"30049099",12,"SCHEDULE_H","8900000001377","Clopidogrel 75 (Davaindia)",42.00,"71%"
"MED-GALVUS-MET","Galvus Met 50/500","ETHICAL","Vildagliptin 50mg + Metformin 500mg","50mg + 500mg","TABLET","ANTIDIABETIC","Strip of 15 Tablets",15,"Novartis India Ltd",310.00,215.00,"30049099",12,"SCHEDULE_H","8900000001378","Vildagliptin 50mg + Metformin 500mg (PMBJP)",65.00,"79%"
"MED-JALRA-M","Jalra-M 50/500","ETHICAL","Vildagliptin 50mg + Metformin 500mg","50mg + 500mg","TABLET","ANTIDIABETIC","Strip of 15 Tablets",15,"USV Pvt Ltd",294.50,204.25,"30049099",12,"SCHEDULE_H","8900000001379","Vildagliptin 50mg + Metformin 500mg (PMBJP)",65.00,"78%"
"MED-VYSOV-M","Vysov-M 50/500","ETHICAL","Vildagliptin 50mg + Metformin 500mg","50mg + 500mg","TABLET","ANTIDIABETIC","Strip of 15 Tablets",15,"Ipca Laboratories Ltd",285.20,197.80,"30049099",12,"SCHEDULE_H","8900000001380","Vildagliptin 50mg + Metformin 500mg (PMBJP)",65.00,"77%"
"MED-ZOMELIS-MET","Zomelis-Met 50/500","ETHICAL","Vildagliptin 50mg + Metformin 500mg","50mg + 500mg","TABLET","ANTIDIABETIC","Strip of 15 Tablets",15,"Abbott Healthcare Pvt Ltd",303.80,210.70,"30049099",12,"SCHEDULE_H","8900000001381","Vildagliptin 50mg + Metformin 500mg (PMBJP)",65.00,"79%"
"MED-VILANO-M","Vilano-M 50/500","ETHICAL","Vildagliptin 50mg + Metformin 500mg","50mg + 500mg","TABLET","ANTIDIABETIC","Strip of 15 Tablets",15,"Sun Pharmaceutical Industries Ltd",297.60,206.40,"30049099",12,"SCHEDULE_H","8900000001382","Vildagliptin 50mg + Metformin 500mg (PMBJP)",65.00,"78%"
"GEN-PMBJP-VILDA-MET","Vildagliptin + Metformin (PMBJP)","GENERIC","Vildagliptin 50mg + Metformin 500mg","50mg + 500mg","TABLET","ANTIDIABETIC","Strip of 15 Tablets",15,"PMBJP Jan Aushadhi",65.00,42.00,"30049099",12,"SCHEDULE_H","8900000001383","Vildagliptin + Metformin (PMBJP)",65.00,"79%"
"GEN-GA-VILDA-MET","Vildagliptin-Metformin (Generic Aadhaar)","GENERIC","Vildagliptin 50mg + Metformin 500mg","50mg + 500mg","TABLET","ANTIDIABETIC","Strip of 15 Tablets",15,"Generic Aadhaar",85.00,55.00,"30049099",12,"SCHEDULE_H","8900000001384","Vildagliptin-Metformin (Generic Aadhaar)",85.00,"73%"
"GEN-ZEE-VILDA-MET","Vildagliptin-Met (Zeelab)","GENERIC","Vildagliptin 50mg + Metformin 500mg","50mg + 500mg","TABLET","ANTIDIABETIC","Strip of 15 Tablets",15,"Zeelab Pharmacy Pvt Ltd",88.00,56.00,"30049099",12,"SCHEDULE_H","8900000001385","Vildagliptin-Met (Zeelab)",88.00,"72%"
"GEN-DAVA-VILDA-MET","Vildagliptin + Metformin (Davaindia)","GENERIC","Vildagliptin 50mg + Metformin 500mg","50mg + 500mg","TABLET","ANTIDIABETIC","Strip of 15 Tablets",15,"Davaindia Generic Pharmacy",78.00,50.00,"30049099",12,"SCHEDULE_H","8900000001386","Vildagliptin + Metformin (Davaindia)",78.00,"75%"
"MED-TENELIGLIP-M","Teneliglip-M 20/500","ETHICAL","Teneligliptin 20mg + Metformin 500mg","20mg + 500mg","TABLET","ANTIDIABETIC","Strip of 15 Tablets",15,"Glenmark Pharmaceuticals Ltd",185.00,125.00,"30049099",12,"SCHEDULE_H","8900000001387","Teneligliptin 20mg + Metformin 500mg (PMBJP)",48.00,"74%"
"MED-ZITEN-M","Ziten-M 20/500","ETHICAL","Teneligliptin 20mg + Metformin 500mg","20mg + 500mg","TABLET","ANTIDIABETIC","Strip of 15 Tablets",15,"Micro Labs Ltd",177.60,120.00,"30049099",12,"SCHEDULE_H","8900000001388","Teneligliptin 20mg + Metformin 500mg (PMBJP)",48.00,"73%"
"MED-TENGLYN-M","Tenglyn-M 20/500","ETHICAL","Teneligliptin 20mg + Metformin 500mg","20mg + 500mg","TABLET","ANTIDIABETIC","Strip of 15 Tablets",15,"Zydus Healthcare",181.30,122.50,"30049099",12,"SCHEDULE_H","8900000001389","Teneligliptin 20mg + Metformin 500mg (PMBJP)",48.00,"74%"
"MED-DYNAGLIPT-M","Dynaglipt-M","ETHICAL","Teneligliptin 20mg + Metformin 500mg","20mg + 500mg","TABLET","ANTIDIABETIC","Strip of 15 Tablets",15,"Mankind Pharma Ltd",166.50,112.50,"30049099",12,"SCHEDULE_H","8900000001390","Teneligliptin 20mg + Metformin 500mg (PMBJP)",48.00,"71%"
"MED-MEGAGLIPTIN-M","Megagliptin-MF","ETHICAL","Teneligliptin 20mg + Metformin 500mg","20mg + 500mg","TABLET","ANTIDIABETIC","Strip of 15 Tablets",15,"Aristo Pharmaceuticals Pvt Ltd",173.90,117.50,"30049099",12,"SCHEDULE_H","8900000001391","Teneligliptin 20mg + Metformin 500mg (PMBJP)",48.00,"72%"
"GEN-PMBJP-TENE-MET","Teneligliptin + Metformin (PMBJP)","GENERIC","Teneligliptin 20mg + Metformin 500mg","20mg + 500mg","TABLET","ANTIDIABETIC","Strip of 15 Tablets",15,"PMBJP Jan Aushadhi",48.00,30.00,"30049099",12,"SCHEDULE_H","8900000001392","Teneligliptin + Metformin (PMBJP)",48.00,"74%"
"GEN-GA-TENE-MET","Teneligliptin-Metformin (Generic Aadhaar)","GENERIC","Teneligliptin 20mg + Metformin 500mg","20mg + 500mg","TABLET","ANTIDIABETIC","Strip of 15 Tablets",15,"Generic Aadhaar",58.00,36.00,"30049099",12,"SCHEDULE_H","8900000001393","Teneligliptin-Metformin (Generic Aadhaar)",58.00,"69%"
"GEN-ZEE-TENE-MET","Teneli-Met (Zeelab)","GENERIC","Teneligliptin 20mg + Metformin 500mg","20mg + 500mg","TABLET","ANTIDIABETIC","Strip of 15 Tablets",15,"Zeelab Pharmacy Pvt Ltd",62.00,38.00,"30049099",12,"SCHEDULE_H","8900000001394","Teneli-Met (Zeelab)",62.00,"66%"
"GEN-DAVA-TENE-MET","Teneligliptin + Met (Davaindia)","GENERIC","Teneligliptin 20mg + Metformin 500mg","20mg + 500mg","TABLET","ANTIDIABETIC","Strip of 15 Tablets",15,"Davaindia Generic Pharmacy",54.00,34.00,"30049099",12,"SCHEDULE_H","8900000001395","Teneligliptin + Met (Davaindia)",54.00,"71%"
"MED-FORXIGA-10","Forxiga 10mg","ETHICAL","Dapagliflozin Propanediol 10mg","10 mg","TABLET","ANTIDIABETIC","Strip of 14 Tablets",14,"AstraZeneca Pharma India Ltd",780.00,550.00,"30049099",12,"SCHEDULE_H","8900000001396","Dapagliflozin Tablets 10mg (PMBJP)",95.00,"88%"
"MED-OXRA-10","Oxra 10mg","ETHICAL","Dapagliflozin Propanediol 10mg","10 mg","TABLET","ANTIDIABETIC","Strip of 14 Tablets",14,"Sun Pharmaceutical Industries Ltd",741.00,522.50,"30049099",12,"SCHEDULE_H","8900000001397","Dapagliflozin Tablets 10mg (PMBJP)",95.00,"87%"
"MED-DAPAONE-10","Dapaone 10mg","ETHICAL","Dapagliflozin Propanediol 10mg","10 mg","TABLET","ANTIDIABETIC","Strip of 14 Tablets",14,"Torrent Pharmaceuticals Ltd",717.60,506.00,"30049099",12,"SCHEDULE_H","8900000001398","Dapagliflozin Tablets 10mg (PMBJP)",95.00,"87%"
"MED-DAPAVEL-10","Dapavel 10mg","ETHICAL","Dapagliflozin Propanediol 10mg","10 mg","TABLET","ANTIDIABETIC","Strip of 14 Tablets",14,"Glenmark Pharmaceuticals Ltd",733.20,517.00,"30049099",12,"SCHEDULE_H","8900000001399","Dapagliflozin Tablets 10mg (PMBJP)",95.00,"87%"
"MED-JUSTO-10","Justo 10mg","ETHICAL","Dapagliflozin Propanediol 10mg","10 mg","TABLET","ANTIDIABETIC","Strip of 14 Tablets",14,"Intas Pharmaceuticals Ltd",702.00,495.00,"30049099",12,"SCHEDULE_H","8900000001400","Dapagliflozin Tablets 10mg (PMBJP)",95.00,"86%"
"MED-DAPLO-10","Daplo 10mg","ETHICAL","Dapagliflozin Propanediol 10mg","10 mg","TABLET","ANTIDIABETIC","Strip of 14 Tablets",14,"Micro Labs Ltd",709.80,500.50,"30049099",12,"SCHEDULE_H","8900000001401","Dapagliflozin Tablets 10mg (PMBJP)",95.00,"87%"
"GEN-PMBJP-DAPA-10","Dapagliflozin Tablets 10mg (PMBJP)","GENERIC","Dapagliflozin Propanediol 10mg","10 mg","TABLET","ANTIDIABETIC","Strip of 14 Tablets",14,"PMBJP Jan Aushadhi",95.00,60.00,"30049099",12,"SCHEDULE_H","8900000001402","Dapagliflozin Tablets 10mg (PMBJP)",95.00,"88%"
"GEN-GA-DAPA-10","Dapagliflozin 10 (Generic Aadhaar)","GENERIC","Dapagliflozin Propanediol 10mg","10 mg","TABLET","ANTIDIABETIC","Strip of 14 Tablets",14,"Generic Aadhaar",120.00,78.00,"30049099",12,"SCHEDULE_H","8900000001403","Dapagliflozin 10 (Generic Aadhaar)",120.00,"85%"
"GEN-ZEE-DAPA-10","Dapagliflozin 10 (Zeelab)","GENERIC","Dapagliflozin Propanediol 10mg","10 mg","TABLET","ANTIDIABETIC","Strip of 14 Tablets",14,"Zeelab Pharmacy Pvt Ltd",125.00,80.00,"30049099",12,"SCHEDULE_H","8900000001404","Dapagliflozin 10 (Zeelab)",125.00,"84%"
"GEN-DAVA-DAPA-10","Dapagliflozin 10 (Davaindia)","GENERIC","Dapagliflozin Propanediol 10mg","10 mg","TABLET","ANTIDIABETIC","Strip of 14 Tablets",14,"Davaindia Generic Pharmacy",110.00,70.00,"30049099",12,"SCHEDULE_H","8900000001405","Dapagliflozin 10 (Davaindia)",110.00,"86%"
"MED-ALLEGRA-120","Allegra 120","ETHICAL","Fexofenadine Hydrochloride 120mg","120 mg","TABLET","RESPIRATORY","Strip of 10 Tablets",10,"Sanofi India Ltd",218.00,150.00,"30049099",12,"SCHEDULE_H","8900000001406","Fexofenadine Tablets IP 120mg (PMBJP)",42.00,"81%"
"MED-FEXOVA-120","Fexova 120","ETHICAL","Fexofenadine Hydrochloride 120mg","120 mg","TABLET","RESPIRATORY","Strip of 10 Tablets",10,"Glenmark Pharmaceuticals Ltd",207.10,142.50,"30049099",12,"SCHEDULE_H","8900000001407","Fexofenadine Tablets IP 120mg (PMBJP)",42.00,"80%"
"MED-FEXY-120","Fexy 120","ETHICAL","Fexofenadine Hydrochloride 120mg","120 mg","TABLET","RESPIRATORY","Strip of 10 Tablets",10,"Micro Labs Ltd",200.56,138.00,"30049099",12,"SCHEDULE_H","8900000001408","Fexofenadine Tablets IP 120mg (PMBJP)",42.00,"79%"
"MED-AIRFEX-120","Airfex 120","ETHICAL","Fexofenadine Hydrochloride 120mg","120 mg","TABLET","RESPIRATORY","Strip of 10 Tablets",10,"Torrent Pharmaceuticals Ltd",204.92,141.00,"30049099",12,"SCHEDULE_H","8900000001409","Fexofenadine Tablets IP 120mg (PMBJP)",42.00,"80%"
"MED-HISTAFREE-120","Histafree 120","ETHICAL","Fexofenadine Hydrochloride 120mg","120 mg","TABLET","RESPIRATORY","Strip of 10 Tablets",10,"Mankind Pharma Ltd",191.84,132.00,"30049099",12,"SCHEDULE_H","8900000001410","Fexofenadine Tablets IP 120mg (PMBJP)",42.00,"78%"
"GEN-PMBJP-FEXO-120","Fexofenadine Tablets 120mg (PMBJP)","GENERIC","Fexofenadine Hydrochloride 120mg","120 mg","TABLET","RESPIRATORY","Strip of 10 Tablets",10,"PMBJP Jan Aushadhi",42.00,26.00,"30049099",12,"SCHEDULE_H","8900000001411","Fexofenadine Tablets 120mg (PMBJP)",42.00,"81%"
"GEN-GA-FEXO-120","Fexofenadine 120 (Generic Aadhaar)","GENERIC","Fexofenadine Hydrochloride 120mg","120 mg","TABLET","RESPIRATORY","Strip of 10 Tablets",10,"Generic Aadhaar",52.00,32.00,"30049099",12,"SCHEDULE_H","8900000001412","Fexofenadine 120 (Generic Aadhaar)",52.00,"76%"
"GEN-ZEE-FEXO-120","Fexofenadine 120 (Zeelab)","GENERIC","Fexofenadine Hydrochloride 120mg","120 mg","TABLET","RESPIRATORY","Strip of 10 Tablets",10,"Zeelab Pharmacy Pvt Ltd",55.00,35.00,"30049099",12,"SCHEDULE_H","8900000001413","Fexofenadine 120 (Zeelab)",55.00,"75%"
"GEN-DAVA-FEXO-120","Fexofenadine 120 (Davaindia)","GENERIC","Fexofenadine Hydrochloride 120mg","120 mg","TABLET","RESPIRATORY","Strip of 10 Tablets",10,"Davaindia Generic Pharmacy",48.00,30.00,"30049099",12,"SCHEDULE_H","8900000001414","Fexofenadine 120 (Davaindia)",48.00,"78%"
"MED-CETZINE-10","Cetzine 10","ETHICAL","Cetirizine Hydrochloride 10mg","10 mg","TABLET","RESPIRATORY","Strip of 15 Tablets",15,"GlaxoSmithKline Pharmaceuticals Ltd",65.00,42.00,"30049099",12,"SCHEDULE_H","8900000001415","Cetirizine Tablets IP 10mg (PMBJP)",12.00,"82%"
"MED-OKACET-10","Okacet 10","ETHICAL","Cetirizine Hydrochloride 10mg","10 mg","TABLET","RESPIRATORY","Strip of 15 Tablets",15,"Cipla Ltd",63.70,41.16,"30049099",12,"SCHEDULE_H","8900000001416","Cetirizine Tablets IP 10mg (PMBJP)",12.00,"81%"
"MED-ALERID-10","Alerid 10","ETHICAL","Cetirizine Hydrochloride 10mg","10 mg","TABLET","RESPIRATORY","Strip of 15 Tablets",15,"Cipla Ltd",61.75,39.90,"30049099",12,"SCHEDULE_H","8900000001417","Cetirizine Tablets IP 10mg (PMBJP)",12.00,"81%"
"MED-ZYRTEC-10","Zyrtec 10","ETHICAL","Cetirizine Hydrochloride 10mg","10 mg","TABLET","RESPIRATORY","Strip of 15 Tablets",15,"Dr. Reddy's Laboratories Ltd",68.25,44.10,"30049099",12,"SCHEDULE_H","8900000001418","Cetirizine Tablets IP 10mg (PMBJP)",12.00,"82%"
"MED-INCIDL-10","Incid-L 10","ETHICAL","Cetirizine Hydrochloride 10mg","10 mg","TABLET","RESPIRATORY","Strip of 15 Tablets",15,"Bayer Healthcare",66.30,42.84,"30049099",12,"SCHEDULE_H","8900000001419","Cetirizine Tablets IP 10mg (PMBJP)",12.00,"82%"
"MED-CETRIZET-10","Cetrizet 10","ETHICAL","Cetirizine Hydrochloride 10mg","10 mg","TABLET","RESPIRATORY","Strip of 15 Tablets",15,"Sun Pharmaceutical Industries Ltd",62.40,40.32,"30049099",12,"SCHEDULE_H","8900000001420","Cetirizine Tablets IP 10mg (PMBJP)",12.00,"81%"
"GEN-PMBJP-CET-10","Cetirizine Tablets IP 10mg (PMBJP)","GENERIC","Cetirizine Hydrochloride 10mg","10 mg","TABLET","RESPIRATORY","Strip of 15 Tablets",15,"PMBJP Jan Aushadhi",12.00,7.50,"30049099",12,"SCHEDULE_H","8900000001421","Cetirizine Tablets IP 10mg (PMBJP)",12.00,"82%"
"GEN-GA-CET-10","Cetirizine 10 (Generic Aadhaar)","GENERIC","Cetirizine Hydrochloride 10mg","10 mg","TABLET","RESPIRATORY","Strip of 15 Tablets",15,"Generic Aadhaar",15.00,9.20,"30049099",12,"SCHEDULE_H","8900000001422","Cetirizine 10 (Generic Aadhaar)",15.00,"77%"
"GEN-ZEE-CET-10","Cetirizine 10 (Zeelab)","GENERIC","Cetirizine Hydrochloride 10mg","10 mg","TABLET","RESPIRATORY","Strip of 15 Tablets",15,"Zeelab Pharmacy Pvt Ltd",16.00,10.00,"30049099",12,"SCHEDULE_H","8900000001423","Cetirizine 10 (Zeelab)",16.00,"75%"
"GEN-DAVA-CET-10","Cetirizine 10 (Davaindia)","GENERIC","Cetirizine Hydrochloride 10mg","10 mg","TABLET","RESPIRATORY","Strip of 15 Tablets",15,"Davaindia Generic Pharmacy",14.00,8.80,"30049099",12,"SCHEDULE_H","8900000001424","Cetirizine 10 (Davaindia)",14.00,"78%"
"MED-MERONEM-1G","Meronem 1g Injection","ETHICAL","Meropenem Trihydrate 1000mg","1000 mg","INJECTION","ANTIBIOTIC","1 Vial",1,"Pfizer Products India Pvt Ltd",2450.00,1750.00,"30042099",12,"SCHEDULE_H1","8900000001425","Meropenem Injection IP 1g (PMBJP)",490.00,"80%"
"MED-MEROMAC-1G","Meromac 1g Injection","ETHICAL","Meropenem Trihydrate 1000mg","1000 mg","INJECTION","ANTIBIOTIC","1 Vial",1,"Macleods Pharmaceuticals Ltd",2156.00,1540.00,"30042099",12,"SCHEDULE_H1","8900000001426","Meropenem Injection IP 1g (PMBJP)",490.00,"77%"
"MED-RONEM-1G","Ronem 1g Injection","ETHICAL","Meropenem Trihydrate 1000mg","1000 mg","INJECTION","ANTIBIOTIC","1 Vial",1,"Aristo Pharmaceuticals Pvt Ltd",2082.50,1487.50,"30042099",12,"SCHEDULE_H1","8900000001427","Meropenem Injection IP 1g (PMBJP)",490.00,"76%"
"MED-MEROIZA-1G","Meroiza 1g Injection","ETHICAL","Meropenem Trihydrate 1000mg","1000 mg","INJECTION","ANTIBIOTIC","1 Vial",1,"Cipla Ltd",2254.00,1610.00,"30042099",12,"SCHEDULE_H1","8900000001428","Meropenem Injection IP 1g (PMBJP)",490.00,"78%"
"MED-MEROSURE-1G","Merosure 1g Injection","ETHICAL","Meropenem Trihydrate 1000mg","1000 mg","INJECTION","ANTIBIOTIC","1 Vial",1,"Alkem Laboratories Ltd",2180.50,1557.50,"30042099",12,"SCHEDULE_H1","8900000001429","Meropenem Injection IP 1g (PMBJP)",490.00,"78%"
"GEN-PMBJP-MERO-1G","Meropenem Injection IP 1g (PMBJP)","GENERIC","Meropenem Trihydrate 1000mg","1000 mg","INJECTION","ANTIBIOTIC","1 Vial",1,"PMBJP Jan Aushadhi",490.00,320.00,"30042099",12,"SCHEDULE_H1","8900000001430","Meropenem Injection IP 1g (PMBJP)",490.00,"80%"
"GEN-GA-MERO-1G","Meropenem 1g (Generic Aadhaar)","GENERIC","Meropenem Trihydrate 1000mg","1000 mg","INJECTION","ANTIBIOTIC","1 Vial",1,"Generic Aadhaar",580.00,380.00,"30042099",12,"SCHEDULE_H1","8900000001431","Meropenem 1g (Generic Aadhaar)",580.00,"76%"
"GEN-ZEE-MERO-1G","Meropenem 1g Inj (Zeelab)","GENERIC","Meropenem Trihydrate 1000mg","1000 mg","INJECTION","ANTIBIOTIC","1 Vial",1,"Zeelab Pharmacy Pvt Ltd",620.00,400.00,"30042099",12,"SCHEDULE_H1","8900000001432","Meropenem 1g Inj (Zeelab)",620.00,"75%"
"GEN-DAVA-MERO-1G","Meropenem 1g (Davaindia)","GENERIC","Meropenem Trihydrate 1000mg","1000 mg","INJECTION","ANTIBIOTIC","1 Vial",1,"Davaindia Generic Pharmacy",550.00,360.00,"30042099",12,"SCHEDULE_H1","8900000001433","Meropenem 1g (Davaindia)",550.00,"78%"
"MED-EMESET-4MG","Emeset 4mg Injection","ETHICAL","Ondansetron Hydrochloride 2mg/ml (4mg/2ml)","4mg / 2ml","INJECTION","GASTROINTESTINAL","Ampoule of 2ml",1,"Cipla Ltd",14.50,8.50,"30049099",12,"SCHEDULE_H","8900000001434","Ondansetron Injection IP 2ml (PMBJP)",5.50,"62%"
"MED-ONDEM-4MG","Ondem 4mg Injection","ETHICAL","Ondansetron Hydrochloride 2mg/ml (4mg/2ml)","4mg / 2ml","INJECTION","GASTROINTESTINAL","Ampoule of 2ml",1,"Alkem Laboratories Ltd",13.92,8.16,"30049099",12,"SCHEDULE_H","8900000001435","Ondansetron Injection IP 2ml (PMBJP)",5.50,"60%"
"MED-VOMIKIND-4MG","Vomikind 4mg Injection","ETHICAL","Ondansetron Hydrochloride 2mg/ml (4mg/2ml)","4mg / 2ml","INJECTION","GASTROINTESTINAL","Ampoule of 2ml",1,"Mankind Pharma Ltd",13.05,7.65,"30049099",12,"SCHEDULE_H","8900000001436","Ondansetron Injection IP 2ml (PMBJP)",5.50,"58%"
"MED-ZOFER-4MG","Zofer 4mg Injection","ETHICAL","Ondansetron Hydrochloride 2mg/ml (4mg/2ml)","4mg / 2ml","INJECTION","GASTROINTESTINAL","Ampoule of 2ml",1,"Sun Pharmaceutical Industries Ltd",15.08,8.84,"30049099",12,"SCHEDULE_H","8900000001437","Ondansetron Injection IP 2ml (PMBJP)",5.50,"64%"
"MED-PERISET-4MG","Periset 4mg Injection","ETHICAL","Ondansetron Hydrochloride 2mg/ml (4mg/2ml)","4mg / 2ml","INJECTION","GASTROINTESTINAL","Ampoule of 2ml",1,"Ipca Laboratories Ltd",13.63,7.99,"30049099",12,"SCHEDULE_H","8900000001438","Ondansetron Injection IP 2ml (PMBJP)",5.50,"60%"
"GEN-PMBJP-OND-4MG","Ondansetron Injection IP 2ml (PMBJP)","GENERIC","Ondansetron Hydrochloride 2mg/ml (4mg/2ml)","4mg / 2ml","INJECTION","GASTROINTESTINAL","Ampoule of 2ml",1,"PMBJP Jan Aushadhi",5.50,3.20,"30049099",12,"SCHEDULE_H","8900000001439","Ondansetron Injection IP 2ml (PMBJP)",5.50,"62%"
"GEN-GA-OND-4MG","Ondansetron 4mg Inj (Generic Aadhaar)","GENERIC","Ondansetron Hydrochloride 2mg/ml (4mg/2ml)","4mg / 2ml","INJECTION","GASTROINTESTINAL","Ampoule of 2ml",1,"Generic Aadhaar",7.00,4.20,"30049099",12,"SCHEDULE_H","8900000001440","Ondansetron 4mg Inj (Generic Aadhaar)",7.00,"52%"
"GEN-ZEE-OND-4MG","Ondansetron Inj (Zeelab)","GENERIC","Ondansetron Hydrochloride 2mg/ml (4mg/2ml)","4mg / 2ml","INJECTION","GASTROINTESTINAL","Ampoule of 2ml",1,"Zeelab Pharmacy Pvt Ltd",7.50,4.50,"30049099",12,"SCHEDULE_H","8900000001441","Ondansetron Inj (Zeelab)",7.50,"48%"
"GEN-DAVA-OND-4MG","Ondansetron 4mg Inj (Davaindia)","GENERIC","Ondansetron Hydrochloride 2mg/ml (4mg/2ml)","4mg / 2ml","INJECTION","GASTROINTESTINAL","Ampoule of 2ml",1,"Davaindia Generic Pharmacy",6.80,4.00,"30049099",12,"SCHEDULE_H","8900000001442","Ondansetron 4mg Inj (Davaindia)",6.80,"53%"
"MED-PANTOP-40IV","Pantop 40mg IV Injection","ETHICAL","Pantoprazole Sodium Lyophilized IV 40mg","40 mg","INJECTION","GASTROINTESTINAL","1 Vial + 10ml NaCl Solvent",1,"Aristo Pharmaceuticals Pvt Ltd",54.00,34.00,"30049099",12,"SCHEDULE_H","8900000001443","Pantoprazole Injection IP 40mg (PMBJP)",18.00,"67%"
"MED-PANTOCID-40IV","Pantocid IV 40mg","ETHICAL","Pantoprazole Sodium Lyophilized IV 40mg","40 mg","INJECTION","GASTROINTESTINAL","1 Vial + 10ml NaCl Solvent",1,"Sun Pharmaceutical Industries Ltd",58.32,36.72,"30049099",12,"SCHEDULE_H","8900000001444","Pantoprazole Injection IP 40mg (PMBJP)",18.00,"69%"
"MED-PAN-40IV","Pan 40 IV Injection","ETHICAL","Pantoprazole Sodium Lyophilized IV 40mg","40 mg","INJECTION","GASTROINTESTINAL","1 Vial + 10ml NaCl Solvent",1,"Alkem Laboratories Ltd",52.92,33.32,"30049099",12,"SCHEDULE_H","8900000001445","Pantoprazole Injection IP 40mg (PMBJP)",18.00,"66%"
"MED-PANTODAC-40IV","Pantodac IV 40mg","ETHICAL","Pantoprazole Sodium Lyophilized IV 40mg","40 mg","INJECTION","GASTROINTESTINAL","1 Vial + 10ml NaCl Solvent",1,"Zydus Cadila",56.16,35.36,"30049099",12,"SCHEDULE_H","8900000001446","Pantoprazole Injection IP 40mg (PMBJP)",18.00,"68%"
"MED-PANTAKIND-40IV","Pantakind IV 40mg","ETHICAL","Pantoprazole Sodium Lyophilized IV 40mg","40 mg","INJECTION","GASTROINTESTINAL","1 Vial + 10ml NaCl Solvent",1,"Mankind Pharma Ltd",48.60,30.60,"30049099",12,"SCHEDULE_H","8900000001447","Pantoprazole Injection IP 40mg (PMBJP)",18.00,"63%"
"GEN-PMBJP-PAN-40IV","Pantoprazole Injection IP 40mg (PMBJP)","GENERIC","Pantoprazole Sodium Lyophilized IV 40mg","40 mg","INJECTION","GASTROINTESTINAL","1 Vial + 10ml NaCl Solvent",1,"PMBJP Jan Aushadhi",18.00,11.00,"30049099",12,"SCHEDULE_H","8900000001448","Pantoprazole Injection IP 40mg (PMBJP)",18.00,"67%"
"GEN-GA-PAN-40IV","Pantoprazole IV 40 (Generic Aadhaar)","GENERIC","Pantoprazole Sodium Lyophilized IV 40mg","40 mg","INJECTION","GASTROINTESTINAL","1 Vial + 10ml NaCl Solvent",1,"Generic Aadhaar",24.00,15.00,"30049099",12,"SCHEDULE_H","8900000001449","Pantoprazole IV 40 (Generic Aadhaar)",24.00,"56%"
"GEN-ZEE-PAN-40IV","Pantoprazole IV (Zeelab)","GENERIC","Pantoprazole Sodium Lyophilized IV 40mg","40 mg","INJECTION","GASTROINTESTINAL","1 Vial + 10ml NaCl Solvent",1,"Zeelab Pharmacy Pvt Ltd",25.00,16.00,"30049099",12,"SCHEDULE_H","8900000001450","Pantoprazole IV (Zeelab)",25.00,"54%"
"GEN-DAVA-PAN-40IV","Pantoprazole IV (Davaindia)","GENERIC","Pantoprazole Sodium Lyophilized IV 40mg","40 mg","INJECTION","GASTROINTESTINAL","1 Vial + 10ml NaCl Solvent",1,"Davaindia Generic Pharmacy",22.00,14.00,"30049099",12,"SCHEDULE_H","8900000001451","Pantoprazole IV (Davaindia)",22.00,"59%"
"MED-BECOSULES","Becosules","ETHICAL","Vitamin B-Complex with Vitamin C","Capsule","CAPSULE","VITAMINS_MINERALS","Strip of 20 Capsules",20,"Pfizer Ltd",52.00,35.00,"30045090",12,"OTC","8900000001452","Vitamin B-Complex + Vitamin C Capsules (PMBJP)",16.00,"69%"
"MED-NEUROBION-FORTE","Neurobion Forte","ETHICAL","Vitamin B-Complex with Vitamin C","Capsule","CAPSULE","VITAMINS_MINERALS","Strip of 20 Capsules",20,"Procter & Gamble Health Ltd",47.84,32.20,"30045090",12,"OTC","8900000001453","Vitamin B-Complex + Vitamin C Capsules (PMBJP)",16.00,"67%"
"MED-BECOZINC","Becozinc","ETHICAL","Vitamin B-Complex with Vitamin C","Capsule","CAPSULE","VITAMINS_MINERALS","Strip of 20 Capsules",20,"Dr. Reddy's Laboratories Ltd",54.60,36.75,"30045090",12,"OTC","8900000001454","Vitamin B-Complex + Vitamin C Capsules (PMBJP)",16.00,"71%"
"MED-SURBEX-T","Surbex-T","ETHICAL","Vitamin B-Complex with Vitamin C","Capsule","CAPSULE","VITAMINS_MINERALS","Strip of 20 Capsules",20,"Abbott Healthcare Pvt Ltd",50.96,34.30,"30045090",12,"OTC","8900000001455","Vitamin B-Complex + Vitamin C Capsules (PMBJP)",16.00,"69%"
"MED-COBADEX-FORTE","Cobadex Forte","ETHICAL","Vitamin B-Complex with Vitamin C","Capsule","CAPSULE","VITAMINS_MINERALS","Strip of 20 Capsules",20,"GlaxoSmithKline Pharmaceuticals Ltd",53.04,35.70,"30045090",12,"OTC","8900000001456","Vitamin B-Complex + Vitamin C Capsules (PMBJP)",16.00,"70%"
"GEN-PMBJP-BCOMP-C","Vitamin B-Complex + Vitamin C (PMBJP)","GENERIC","Vitamin B-Complex with Vitamin C","Capsule","CAPSULE","VITAMINS_MINERALS","Strip of 20 Capsules",20,"PMBJP Jan Aushadhi",16.00,10.00,"30045090",12,"OTC","8900000001457","Vitamin B-Complex + Vitamin C (PMBJP)",16.00,"69%"
"GEN-GA-BCOMP-C","B-Complex with Vitamin C (Generic Aadhaar)","GENERIC","Vitamin B-Complex with Vitamin C","Capsule","CAPSULE","VITAMINS_MINERALS","Strip of 20 Capsules",20,"Generic Aadhaar",22.00,13.50,"30045090",12,"OTC","8900000001458","B-Complex with Vitamin C (Generic Aadhaar)",22.00,"58%"
"GEN-ZEE-BCOMP-C","Vitamin B-Complex (Zeelab)","GENERIC","Vitamin B-Complex with Vitamin C","Capsule","CAPSULE","VITAMINS_MINERALS","Strip of 20 Capsules",20,"Zeelab Pharmacy Pvt Ltd",24.00,14.50,"30045090",12,"OTC","8900000001459","Vitamin B-Complex (Zeelab)",24.00,"54%"
"GEN-DAVA-BCOMP-C","B-Complex Capsules (Davaindia)","GENERIC","Vitamin B-Complex with Vitamin C","Capsule","CAPSULE","VITAMINS_MINERALS","Strip of 20 Capsules",20,"Davaindia Generic Pharmacy",20.00,12.00,"30045090",12,"OTC","8900000001460","B-Complex Capsules (Davaindia)",20.00,"62%"
"MED-LIMCEE-500","Limcee 500","ETHICAL","Vitamin C (Ascorbic Acid) 500mg Chewable","500 mg","TABLET","VITAMINS_MINERALS","Strip of 15 Tablets",15,"Abbott Healthcare Pvt Ltd",24.50,16.00,"30045090",12,"OTC","8900000001461","Vitamin C Chewable Tablets 500mg (PMBJP)",8.50,"65%"
"MED-CELIN-500","Celin 500","ETHICAL","Vitamin C (Ascorbic Acid) 500mg Chewable","500 mg","TABLET","VITAMINS_MINERALS","Strip of 15 Tablets",15,"GlaxoSmithKline Pharmaceuticals Ltd",24.01,15.68,"30045090",12,"OTC","8900000001462","Vitamin C Chewable Tablets 500mg (PMBJP)",8.50,"65%"
"MED-SUKCEE-500","Sukcee 500","ETHICAL","Vitamin C (Ascorbic Acid) 500mg Chewable","500 mg","TABLET","VITAMINS_MINERALS","Strip of 15 Tablets",15,"Torrent Pharmaceuticals Ltd",23.28,15.20,"30045090",12,"OTC","8900000001463","Vitamin C Chewable Tablets 500mg (PMBJP)",8.50,"63%"
"MED-CHEWCEE-500","Chewcee 500","ETHICAL","Vitamin C (Ascorbic Acid) 500mg Chewable","500 mg","TABLET","VITAMINS_MINERALS","Strip of 15 Tablets",15,"Mankind Pharma Ltd",22.05,14.40,"30045090",12,"OTC","8900000001464","Vitamin C Chewable Tablets 500mg (PMBJP)",8.50,"61%"
"GEN-PMBJP-VIT-C","Vitamin C Chewable 500mg (PMBJP)","GENERIC","Vitamin C (Ascorbic Acid) 500mg Chewable","500 mg","TABLET","VITAMINS_MINERALS","Strip of 15 Tablets",15,"PMBJP Jan Aushadhi",8.50,5.20,"30045090",12,"OTC","8900000001465","Vitamin C Chewable 500mg (PMBJP)",8.50,"65%"
"GEN-GA-VIT-C","Vitamin C 500 (Generic Aadhaar)","GENERIC","Vitamin C (Ascorbic Acid) 500mg Chewable","500 mg","TABLET","VITAMINS_MINERALS","Strip of 15 Tablets",15,"Generic Aadhaar",11.00,6.80,"30045090",12,"OTC","8900000001466","Vitamin C 500 (Generic Aadhaar)",11.00,"55%"
"GEN-ZEE-VIT-C","Vitamin C Chewable (Zeelab)","GENERIC","Vitamin C (Ascorbic Acid) 500mg Chewable","500 mg","TABLET","VITAMINS_MINERALS","Strip of 15 Tablets",15,"Zeelab Pharmacy Pvt Ltd",12.00,7.20,"30045090",12,"OTC","8900000001467","Vitamin C Chewable (Zeelab)",12.00,"51%"
"GEN-DAVA-VIT-C","Vitamin C 500mg (Davaindia)","GENERIC","Vitamin C (Ascorbic Acid) 500mg Chewable","500 mg","TABLET","VITAMINS_MINERALS","Strip of 15 Tablets",15,"Davaindia Generic Pharmacy",10.00,6.00,"30045090",12,"OTC","8900000001468","Vitamin C 500mg (Davaindia)",10.00,"59%"
"MED-OROFER-XT","Orofer-XT","ETHICAL","Ferrous Ascorbate 100mg + Folic Acid 1.5mg","100mg + 1.5mg","TABLET","VITAMINS_MINERALS","Strip of 10 Tablets",10,"Emcure Pharmaceuticals Ltd",198.00,132.00,"30045090",12,"SCHEDULE_H","8900000001469","Ferrous Ascorbate + Folic Acid Tablets (PMBJP)",45.00,"77%"
"MED-LIVOGEN-Z","Livogen-Z","ETHICAL","Ferrous Ascorbate 100mg + Folic Acid 1.5mg","100mg + 1.5mg","TABLET","VITAMINS_MINERALS","Strip of 10 Tablets",10,"Procter & Gamble Health Ltd",190.08,126.72,"30045090",12,"SCHEDULE_H","8900000001470","Ferrous Ascorbate + Folic Acid Tablets (PMBJP)",45.00,"76%"
"MED-AUTRIN","Autrin","ETHICAL","Ferrous Ascorbate 100mg + Folic Acid 1.5mg","100mg + 1.5mg","TABLET","VITAMINS_MINERALS","Strip of 10 Tablets",10,"Pfizer Ltd",207.90,138.60,"30045090",12,"SCHEDULE_H","8900000001471","Ferrous Ascorbate + Folic Acid Tablets (PMBJP)",45.00,"78%"
"MED-FERIUM-XT","Ferium-XT","ETHICAL","Ferrous Ascorbate 100mg + Folic Acid 1.5mg","100mg + 1.5mg","TABLET","VITAMINS_MINERALS","Strip of 10 Tablets",10,"Emcure Pharmaceuticals Ltd",194.04,129.36,"30045090",12,"SCHEDULE_H","8900000001472","Ferrous Ascorbate + Folic Acid Tablets (PMBJP)",45.00,"77%"
"MED-IMAX-XT","Imax-XT","ETHICAL","Ferrous Ascorbate 100mg + Folic Acid 1.5mg","100mg + 1.5mg","TABLET","VITAMINS_MINERALS","Strip of 10 Tablets",10,"Mankind Pharma Ltd",178.20,118.80,"30045090",12,"SCHEDULE_H","8900000001473","Ferrous Ascorbate + Folic Acid Tablets (PMBJP)",45.00,"75%"
"GEN-PMBJP-FERR-FOL","Ferrous Ascorbate + Folic Acid (PMBJP)","GENERIC","Ferrous Ascorbate 100mg + Folic Acid 1.5mg","100mg + 1.5mg","TABLET","VITAMINS_MINERALS","Strip of 10 Tablets",10,"PMBJP Jan Aushadhi",45.00,28.00,"30045090",12,"SCHEDULE_H","8900000001474","Ferrous Ascorbate + Folic Acid (PMBJP)",45.00,"77%"
"GEN-GA-FERR-FOL","Iron + Folic Acid (Generic Aadhaar)","GENERIC","Ferrous Ascorbate 100mg + Folic Acid 1.5mg","100mg + 1.5mg","TABLET","VITAMINS_MINERALS","Strip of 10 Tablets",10,"Generic Aadhaar",55.00,35.00,"30045090",12,"SCHEDULE_H","8900000001475","Iron + Folic Acid (Generic Aadhaar)",55.00,"72%"
"GEN-ZEE-FERR-FOL","Ferrous Ascorbate XT (Zeelab)","GENERIC","Ferrous Ascorbate 100mg + Folic Acid 1.5mg","100mg + 1.5mg","TABLET","VITAMINS_MINERALS","Strip of 10 Tablets",10,"Zeelab Pharmacy Pvt Ltd",58.00,36.00,"30045090",12,"SCHEDULE_H","8900000001476","Ferrous Ascorbate XT (Zeelab)",58.00,"71%"
"GEN-DAVA-FERR-FOL","Ferrous Ascorbate + Folic (Davaindia)","GENERIC","Ferrous Ascorbate 100mg + Folic Acid 1.5mg","100mg + 1.5mg","TABLET","VITAMINS_MINERALS","Strip of 10 Tablets",10,"Davaindia Generic Pharmacy",50.00,31.00,"30045090",12,"SCHEDULE_H","8900000001477","Ferrous Ascorbate + Folic (Davaindia)",50.00,"75%"
"MED-UPRISE-D3-60K","Uprise-D3 60K","ETHICAL","Cholecalciferol (Vitamin D3) 60,000 IU","60,000 IU","CAPSULE","VITAMINS_MINERALS","Strip of 4 Softgels",4,"Alkem Laboratories Ltd",145.00,96.00,"30045090",12,"OTC","8900000001478","Cholecalciferol Capsules 60,000 IU (PMBJP)",35.00,"76%"
"MED-CALCIROL-60K","Calcirol Sachet / Cap","ETHICAL","Cholecalciferol (Vitamin D3) 60,000 IU","60,000 IU","CAPSULE","VITAMINS_MINERALS","Strip of 4 Softgels",4,"Cadila Pharmaceuticals Ltd",142.10,94.08,"30045090",12,"OTC","8900000001479","Cholecalciferol Capsules 60,000 IU (PMBJP)",35.00,"75%"
"MED-DRISE-60K","D-Rise 60K","ETHICAL","Cholecalciferol (Vitamin D3) 60,000 IU","60,000 IU","CAPSULE","VITAMINS_MINERALS","Strip of 4 Softgels",4,"USV Pvt Ltd",147.90,97.92,"30045090",12,"OTC","8900000001480","Cholecalciferol Capsules 60,000 IU (PMBJP)",35.00,"76%"
"MED-LUPICHECK-D3","Lupicheck-D3 60K","ETHICAL","Cholecalciferol (Vitamin D3) 60,000 IU","60,000 IU","CAPSULE","VITAMINS_MINERALS","Strip of 4 Softgels",4,"Lupin Ltd",137.75,91.20,"30045090",12,"OTC","8900000001481","Cholecalciferol Capsules 60,000 IU (PMBJP)",35.00,"75%"
"MED-DEPURA-60K","Depura 60K","ETHICAL","Cholecalciferol (Vitamin D3) 60,000 IU","60,000 IU","CAPSULE","VITAMINS_MINERALS","Strip of 4 Softgels",4,"Sanofi India Ltd",152.25,100.80,"30045090",12,"OTC","8900000001482","Cholecalciferol Capsules 60,000 IU (PMBJP)",35.00,"77%"
"GEN-PMBJP-D3-60K","Cholecalciferol Capsules 60,000 IU (PMBJP)","GENERIC","Cholecalciferol (Vitamin D3) 60,000 IU","60,000 IU","CAPSULE","VITAMINS_MINERALS","Strip of 4 Softgels",4,"PMBJP Jan Aushadhi",35.00,22.00,"30045090",12,"OTC","8900000001483","Cholecalciferol Capsules 60,000 IU (PMBJP)",35.00,"76%"
"GEN-GA-D3-60K","Vitamin D3 60K (Generic Aadhaar)","GENERIC","Cholecalciferol (Vitamin D3) 60,000 IU","60,000 IU","CAPSULE","VITAMINS_MINERALS","Strip of 4 Softgels",4,"Generic Aadhaar",42.00,26.00,"30045090",12,"OTC","8900000001484","Vitamin D3 60K (Generic Aadhaar)",42.00,"71%"
"GEN-ZEE-D3-60K","Vitamin D3 60,000 IU (Zeelab)","GENERIC","Cholecalciferol (Vitamin D3) 60,000 IU","60,000 IU","CAPSULE","VITAMINS_MINERALS","Strip of 4 Softgels",4,"Zeelab Pharmacy Pvt Ltd",45.00,28.00,"30045090",12,"OTC","8900000001485","Vitamin D3 60,000 IU (Zeelab)",45.00,"69%"
"GEN-DAVA-D3-60K","Cholecalciferol 60K (Davaindia)","GENERIC","Cholecalciferol (Vitamin D3) 60,000 IU","60,000 IU","CAPSULE","VITAMINS_MINERALS","Strip of 4 Softgels",4,"Davaindia Generic Pharmacy",39.00,24.00,"30045090",12,"OTC","8900000001486","Cholecalciferol 60K (Davaindia)",39.00,"73%"
"GEN-LEE-D3-60K","Vitamin D3 60,000 IU (Leeford)","GENERIC","Cholecalciferol (Vitamin D3) 60,000 IU","60,000 IU","CAPSULE","VITAMINS_MINERALS","Strip of 4 Softgels",4,"Leeford Healthcare Ltd",48.00,30.00,"30045090",12,"OTC","8900000001487","Vitamin D3 60,000 IU (Leeford)",48.00,"67%"